2025-05-29T09:51:21.794+02:00  INFO 4972 --- [ERP-System] [restartedMain] com.backup.BackupApplication             : Starting BackupApplication using Java 21 with PID 4972 (C:\Users\admin\Desktop\Java\Backup\target\classes started by admin in C:\Users\admin\Desktop\Java\Backup)
2025-05-29T09:51:21.795+02:00  INFO 4972 --- [ERP-System] [restartedMain] com.backup.BackupApplication             : No active profile set, falling back to 1 default profile: "default"
2025-05-29T09:51:21.844+02:00  INFO 4972 --- [ERP-System] [restartedMain] .e.DevToolsPropertyDefaultsPostProcessor : Devtools property defaults active! Set 'spring.devtools.add-properties' to 'false' to disable
2025-05-29T09:51:21.844+02:00  INFO 4972 --- [ERP-System] [restartedMain] .e.DevToolsPropertyDefaultsPostProcessor : For additional web related logging consider setting the 'logging.level.web' property to 'DEBUG'
2025-05-29T09:51:22.482+02:00  INFO 4972 --- [ERP-System] [restartedMain] .s.d.r.c.RepositoryConfigurationDelegate : Bootstrapping Spring Data JPA repositories in DEFAULT mode.
2025-05-29T09:51:22.527+02:00  INFO 4972 --- [ERP-System] [restartedMain] .s.d.r.c.RepositoryConfigurationDelegate : Finished Spring Data repository scanning in 38 ms. Found 5 JPA repository interfaces.
2025-05-29T09:51:22.914+02:00  INFO 4972 --- [ERP-System] [restartedMain] o.s.b.w.embedded.tomcat.TomcatWebServer  : Tomcat initialized with port 8080 (http)
2025-05-29T09:51:22.924+02:00  INFO 4972 --- [ERP-System] [restartedMain] o.apache.catalina.core.StandardService   : Starting service [Tomcat]
2025-05-29T09:51:22.924+02:00  INFO 4972 --- [ERP-System] [restartedMain] o.apache.catalina.core.StandardEngine    : Starting Servlet engine: [Apache Tomcat/10.1.41]
2025-05-29T09:51:22.951+02:00  INFO 4972 --- [ERP-System] [restartedMain] o.a.c.c.C.[Tomcat].[localhost].[/]       : Initializing Spring embedded WebApplicationContext
2025-05-29T09:51:22.951+02:00  INFO 4972 --- [ERP-System] [restartedMain] w.s.c.ServletWebServerApplicationContext : Root WebApplicationContext: initialization completed in 1106 ms
2025-05-29T09:51:23.040+02:00  INFO 4972 --- [ERP-System] [restartedMain] o.hibernate.jpa.internal.util.LogHelper  : HHH000204: Processing PersistenceUnitInfo [name: default]
2025-05-29T09:51:23.074+02:00  INFO 4972 --- [ERP-System] [restartedMain] org.hibernate.Version                    : HHH000412: Hibernate ORM core version 6.6.15.Final
2025-05-29T09:51:23.100+02:00  INFO 4972 --- [ERP-System] [restartedMain] o.h.c.internal.RegionFactoryInitiator    : HHH000026: Second-level cache disabled
2025-05-29T09:51:23.274+02:00  INFO 4972 --- [ERP-System] [restartedMain] o.s.o.j.p.SpringPersistenceUnitInfo      : No LoadTimeWeaver setup: ignoring JPA class transformer
2025-05-29T09:51:23.292+02:00  INFO 4972 --- [ERP-System] [restartedMain] com.zaxxer.hikari.HikariDataSource       : HikariPool-1 - Starting...
2025-05-29T09:51:23.403+02:00  INFO 4972 --- [ERP-System] [restartedMain] com.zaxxer.hikari.pool.HikariPool        : HikariPool-1 - Added connection org.postgresql.jdbc.PgConnection@4c4eb691
2025-05-29T09:51:23.404+02:00  INFO 4972 --- [ERP-System] [restartedMain] com.zaxxer.hikari.HikariDataSource       : HikariPool-1 - Start completed.
2025-05-29T09:51:23.434+02:00  WARN 4972 --- [ERP-System] [restartedMain] org.hibernate.orm.deprecation            : HHH90000025: PostgreSQLDialect does not need to be specified explicitly using 'hibernate.dialect' (remove the property setting and it will be selected by default)
2025-05-29T09:51:23.444+02:00  INFO 4972 --- [ERP-System] [restartedMain] org.hibernate.orm.connections.pooling    : HHH10001005: Database info:
	Database JDBC URL [Connecting through datasource 'HikariDataSource (HikariPool-1)']
	Database driver: undefined/unknown
	Database version: 16.4
	Autocommit mode: undefined/unknown
	Isolation level: undefined/unknown
	Minimum pool size: undefined/unknown
	Maximum pool size: undefined/unknown
2025-05-29T09:51:24.131+02:00  INFO 4972 --- [ERP-System] [restartedMain] o.h.e.t.j.p.i.JtaPlatformInitiator       : HHH000489: No JTA platform available (set 'hibernate.transaction.jta.platform' to enable JTA platform integration)
2025-05-29T09:51:24.201+02:00  WARN 4972 --- [ERP-System] [restartedMain] o.h.engine.jdbc.spi.SqlExceptionHelper   : SQL Warning Code: 0, SQLState: 00000
2025-05-29T09:51:24.201+02:00  WARN 4972 --- [ERP-System] [restartedMain] o.h.engine.jdbc.spi.SqlExceptionHelper   : constraint "ukh8uwnwyducexwvadtyg7f3qes" of relation "deductions" does not exist, skipping
2025-05-29T09:51:24.203+02:00  WARN 4972 --- [ERP-System] [restartedMain] o.h.engine.jdbc.spi.SqlExceptionHelper   : SQL Warning Code: 0, SQLState: 00000
2025-05-29T09:51:24.204+02:00  WARN 4972 --- [ERP-System] [restartedMain] o.h.engine.jdbc.spi.SqlExceptionHelper   : constraint "uk2nkwevgjfin5vjs2792dsmw4m" of relation "deductions" does not exist, skipping
2025-05-29T09:51:24.205+02:00  WARN 4972 --- [ERP-System] [restartedMain] o.h.engine.jdbc.spi.SqlExceptionHelper   : SQL Warning Code: 0, SQLState: 00000
2025-05-29T09:51:24.205+02:00  WARN 4972 --- [ERP-System] [restartedMain] o.h.engine.jdbc.spi.SqlExceptionHelper   : constraint "uk3um79qgwg340lpaw7phtwudtc" of relation "employees" does not exist, skipping
2025-05-29T09:51:24.207+02:00  WARN 4972 --- [ERP-System] [restartedMain] o.h.engine.jdbc.spi.SqlExceptionHelper   : SQL Warning Code: 0, SQLState: 00000
2025-05-29T09:51:24.208+02:00  WARN 4972 --- [ERP-System] [restartedMain] o.h.engine.jdbc.spi.SqlExceptionHelper   : constraint "ukj9xgmd0ya5jmus09o0b8pqrpb" of relation "employees" does not exist, skipping
2025-05-29T09:51:24.211+02:00  WARN 4972 --- [ERP-System] [restartedMain] o.h.engine.jdbc.spi.SqlExceptionHelper   : SQL Warning Code: 0, SQLState: 00000
2025-05-29T09:51:24.211+02:00  WARN 4972 --- [ERP-System] [restartedMain] o.h.engine.jdbc.spi.SqlExceptionHelper   : constraint "uk3v0y1vqxyua9lvkiew11mnw1o" of relation "employments" does not exist, skipping
2025-05-29T09:51:24.212+02:00  WARN 4972 --- [ERP-System] [restartedMain] o.h.engine.jdbc.spi.SqlExceptionHelper   : SQL Warning Code: 0, SQLState: 00000
2025-05-29T09:51:24.213+02:00  WARN 4972 --- [ERP-System] [restartedMain] o.h.engine.jdbc.spi.SqlExceptionHelper   : constraint "uk6lu5kl7vbk9t7abje6smac0ds" of relation "pay_slips" does not exist, skipping
2025-05-29T09:51:24.224+02:00  INFO 4972 --- [ERP-System] [restartedMain] j.LocalContainerEntityManagerFactoryBean : Initialized JPA EntityManagerFactory for persistence unit 'default'
2025-05-29T09:51:24.503+02:00  INFO 4972 --- [ERP-System] [restartedMain] eAuthenticationProviderManagerConfigurer : Global AuthenticationManager configured with AuthenticationProvider bean with name authenticationProvider
2025-05-29T09:51:24.503+02:00  WARN 4972 --- [ERP-System] [restartedMain] r$InitializeUserDetailsManagerConfigurer : Global AuthenticationManager configured with an AuthenticationProvider bean. UserDetailsService beans will not be used by Spring Security for automatically configuring username/password login. Consider removing the AuthenticationProvider bean. Alternatively, consider using the UserDetailsService in a manually instantiated DaoAuthenticationProvider. If the current configuration is intentional, to turn off this warning, increase the logging level of 'org.springframework.security.config.annotation.authentication.configuration.InitializeUserDetailsBeanManagerConfigurer' to ERROR
2025-05-29T09:51:24.716+02:00  WARN 4972 --- [ERP-System] [restartedMain] JpaBaseConfiguration$JpaWebConfiguration : spring.jpa.open-in-view is enabled by default. Therefore, database queries may be performed during view rendering. Explicitly configure spring.jpa.open-in-view to disable this warning
2025-05-29T09:51:25.160+02:00  INFO 4972 --- [ERP-System] [restartedMain] o.s.b.d.a.OptionalLiveReloadServer       : LiveReload server is running on port 35729
2025-05-29T09:51:25.187+02:00  INFO 4972 --- [ERP-System] [restartedMain] o.s.b.w.embedded.tomcat.TomcatWebServer  : Tomcat started on port 8080 (http) with context path '/'
2025-05-29T09:51:25.193+02:00  INFO 4972 --- [ERP-System] [restartedMain] com.backup.BackupApplication             : Started BackupApplication in 3.995 seconds (process running for 4.982)
2025-05-29T09:51:25.193+02:00  INFO 4972 --- [ERP-System] [restartedMain] com.backup.config.SwaggerUrlLogger       : 
----------------------------------------------------------
	Swagger UI is available at: 
	Local: 		http://localhost:8080/swagger-ui.html
	External: 	http://10.11.75.44:8080/swagger-ui.html
----------------------------------------------------------
2025-05-29T09:51:35.438+02:00  INFO 4972 --- [ERP-System] [http-nio-8080-exec-1] o.a.c.c.C.[Tomcat].[localhost].[/]       : Initializing Spring DispatcherServlet 'dispatcherServlet'
2025-05-29T09:51:35.438+02:00  INFO 4972 --- [ERP-System] [http-nio-8080-exec-1] o.s.web.servlet.DispatcherServlet        : Initializing Servlet 'dispatcherServlet'
2025-05-29T09:51:35.440+02:00  INFO 4972 --- [ERP-System] [http-nio-8080-exec-1] o.s.web.servlet.DispatcherServlet        : Completed initialization in 2 ms
2025-05-29T09:51:38.795+02:00  INFO 4972 --- [ERP-System] [File Watcher] rtingClassPathChangeChangedEventListener : Restarting due to 50 class path changes (0 additions, 49 deletions, 1 modification)
2025-05-29T09:51:38.799+02:00  INFO 4972 --- [ERP-System] [Thread-5] o.s.b.w.e.tomcat.GracefulShutdown        : Commencing graceful shutdown. Waiting for active requests to complete
2025-05-29T09:51:38.813+02:00  INFO 4972 --- [ERP-System] [tomcat-shutdown] o.s.b.w.e.tomcat.GracefulShutdown        : Graceful shutdown complete
2025-05-29T09:51:38.820+02:00  INFO 4972 --- [ERP-System] [Thread-5] j.LocalContainerEntityManagerFactoryBean : Closing JPA EntityManagerFactory for persistence unit 'default'
2025-05-29T09:51:38.826+02:00  INFO 4972 --- [ERP-System] [Thread-5] com.zaxxer.hikari.HikariDataSource       : HikariPool-1 - Shutdown initiated...
2025-05-29T09:51:38.833+02:00  INFO 4972 --- [ERP-System] [Thread-5] com.zaxxer.hikari.HikariDataSource       : HikariPool-1 - Shutdown completed.
2025-05-29T09:51:38.945+02:00  INFO 4972 --- [ERP-System] [restartedMain] com.backup.BackupApplication             : Starting BackupApplication using Java 21 with PID 4972 (C:\Users\admin\Desktop\Java\Backup\target\classes started by admin in C:\Users\admin\Desktop\Java\Backup)
2025-05-29T09:51:38.945+02:00  INFO 4972 --- [ERP-System] [restartedMain] com.backup.BackupApplication             : No active profile set, falling back to 1 default profile: "default"
2025-05-29T09:51:39.182+02:00  INFO 4972 --- [ERP-System] [restartedMain] .s.d.r.c.RepositoryConfigurationDelegate : Bootstrapping Spring Data JPA repositories in DEFAULT mode.
2025-05-29T09:51:39.184+02:00  INFO 4972 --- [ERP-System] [restartedMain] .s.d.r.c.RepositoryConfigurationDelegate : Finished Spring Data repository scanning in 0 ms. Found 0 JPA repository interfaces.
2025-05-29T09:51:39.284+02:00  INFO 4972 --- [ERP-System] [restartedMain] o.s.b.w.embedded.tomcat.TomcatWebServer  : Tomcat initialized with port 8080 (http)
2025-05-29T09:51:39.285+02:00  INFO 4972 --- [ERP-System] [restartedMain] o.apache.catalina.core.StandardService   : Starting service [Tomcat]
2025-05-29T09:51:39.285+02:00  INFO 4972 --- [ERP-System] [restartedMain] o.apache.catalina.core.StandardEngine    : Starting Servlet engine: [Apache Tomcat/10.1.41]
2025-05-29T09:51:39.302+02:00  INFO 4972 --- [ERP-System] [restartedMain] o.a.c.c.C.[Tomcat].[localhost].[/]       : Initializing Spring embedded WebApplicationContext
2025-05-29T09:51:39.303+02:00  INFO 4972 --- [ERP-System] [restartedMain] w.s.c.ServletWebServerApplicationContext : Root WebApplicationContext: initialization completed in 354 ms
2025-05-29T09:51:39.336+02:00  INFO 4972 --- [ERP-System] [restartedMain] o.hibernate.jpa.internal.util.LogHelper  : HHH000204: Processing PersistenceUnitInfo [name: default]
2025-05-29T09:51:39.338+02:00  INFO 4972 --- [ERP-System] [restartedMain] o.h.c.internal.RegionFactoryInitiator    : HHH000026: Second-level cache disabled
2025-05-29T09:51:39.345+02:00  INFO 4972 --- [ERP-System] [restartedMain] o.s.o.j.p.SpringPersistenceUnitInfo      : No LoadTimeWeaver setup: ignoring JPA class transformer
2025-05-29T09:51:39.346+02:00  INFO 4972 --- [ERP-System] [restartedMain] com.zaxxer.hikari.HikariDataSource       : HikariPool-2 - Starting...
2025-05-29T09:51:39.398+02:00  INFO 4972 --- [ERP-System] [restartedMain] com.zaxxer.hikari.pool.HikariPool        : HikariPool-2 - Added connection org.postgresql.jdbc.PgConnection@44fca1c0
2025-05-29T09:51:39.398+02:00  INFO 4972 --- [ERP-System] [restartedMain] com.zaxxer.hikari.HikariDataSource       : HikariPool-2 - Start completed.
2025-05-29T09:51:39.407+02:00  WARN 4972 --- [ERP-System] [restartedMain] org.hibernate.orm.deprecation            : HHH90000025: PostgreSQLDialect does not need to be specified explicitly using 'hibernate.dialect' (remove the property setting and it will be selected by default)
2025-05-29T09:51:39.409+02:00  INFO 4972 --- [ERP-System] [restartedMain] org.hibernate.orm.connections.pooling    : HHH10001005: Database info:
	Database JDBC URL [Connecting through datasource 'HikariDataSource (HikariPool-2)']
	Database driver: undefined/unknown
	Database version: 16.4
	Autocommit mode: undefined/unknown
	Isolation level: undefined/unknown
	Minimum pool size: undefined/unknown
	Maximum pool size: undefined/unknown
2025-05-29T09:51:39.435+02:00  INFO 4972 --- [ERP-System] [restartedMain] o.h.e.t.j.p.i.JtaPlatformInitiator       : HHH000489: No JTA platform available (set 'hibernate.transaction.jta.platform' to enable JTA platform integration)
2025-05-29T09:51:39.436+02:00  INFO 4972 --- [ERP-System] [restartedMain] j.LocalContainerEntityManagerFactoryBean : Initialized JPA EntityManagerFactory for persistence unit 'default'
2025-05-29T09:51:39.479+02:00  WARN 4972 --- [ERP-System] [restartedMain] JpaBaseConfiguration$JpaWebConfiguration : spring.jpa.open-in-view is enabled by default. Therefore, database queries may be performed during view rendering. Explicitly configure spring.jpa.open-in-view to disable this warning
2025-05-29T09:51:39.661+02:00  WARN 4972 --- [ERP-System] [restartedMain] .s.s.UserDetailsServiceAutoConfiguration : 

Using generated security password: 5c72d196-07f7-4a9a-990e-d1b9627f21d7

This generated password is for development use only. Your security configuration must be updated before running your application in production.

2025-05-29T09:51:39.665+02:00  INFO 4972 --- [ERP-System] [restartedMain] r$InitializeUserDetailsManagerConfigurer : Global AuthenticationManager configured with UserDetailsService bean with name inMemoryUserDetailsManager
2025-05-29T09:51:39.713+02:00  INFO 4972 --- [ERP-System] [restartedMain] o.s.b.d.a.OptionalLiveReloadServer       : LiveReload server is running on port 35729
2025-05-29T09:51:39.723+02:00  INFO 4972 --- [ERP-System] [restartedMain] o.s.b.w.embedded.tomcat.TomcatWebServer  : Tomcat started on port 8080 (http) with context path '/'
2025-05-29T09:51:39.726+02:00  INFO 4972 --- [ERP-System] [restartedMain] com.backup.BackupApplication             : Started BackupApplication in 0.82 seconds (process running for 19.515)
2025-05-29T09:51:39.729+02:00  INFO 4972 --- [ERP-System] [restartedMain] .ConditionEvaluationDeltaLoggingListener : Condition evaluation delta:


==========================
CONDITION EVALUATION DELTA
==========================


Positive matches:
-----------------

   SpringBootWebSecurityConfiguration.SecurityFilterChainConfiguration matched:
      - AllNestedConditions 2 matched 0 did not; NestedCondition on DefaultWebSecurityCondition.Beans @ConditionalOnMissingBean (types: org.springframework.security.web.SecurityFilterChain; SearchStrategy: all) did not find any beans; NestedCondition on DefaultWebSecurityCondition.Classes @ConditionalOnClass found required classes 'org.springframework.security.web.SecurityFilterChain', 'org.springframework.security.config.annotation.web.builders.HttpSecurity' (DefaultWebSecurityCondition)

   SpringBootWebSecurityConfiguration.WebSecurityEnablerConfiguration matched:
      - @ConditionalOnClass found required class 'org.springframework.security.config.annotation.web.configuration.EnableWebSecurity' (OnClassCondition)
      - @ConditionalOnMissingBean (names: springSecurityFilterChain; SearchStrategy: all) did not find any beans (OnBeanCondition)

   UserDetailsServiceAutoConfiguration matched:
      - @ConditionalOnClass found required class 'org.springframework.security.authentication.AuthenticationManager' (OnClassCondition)
      - found 'session' scope (OnWebApplicationCondition)
      - AnyNestedCondition 1 matched 2 did not; NestedCondition on UserDetailsServiceAutoConfiguration.MissingAlternativeOrUserPropertiesConfigured.PasswordConfigured @ConditionalOnProperty (spring.security.user.password) did not find property 'spring.security.user.password'; NestedCondition on UserDetailsServiceAutoConfiguration.MissingAlternativeOrUserPropertiesConfigured.NameConfigured @ConditionalOnProperty (spring.security.user.name) did not find property 'spring.security.user.name'; NestedCondition on UserDetailsServiceAutoConfiguration.MissingAlternativeOrUserPropertiesConfigured.MissingAlternative @ConditionalOnMissingClass did not find unwanted classes 'org.springframework.security.oauth2.client.registration.ClientRegistrationRepository', 'org.springframework.security.oauth2.server.resource.introspection.OpaqueTokenIntrospector', 'org.springframework.security.saml2.provider.service.registration.RelyingPartyRegistrationRepository' (UserDetailsServiceAutoConfiguration.MissingAlternativeOrUserPropertiesConfigured)
      - @ConditionalOnBean (types: org.springframework.security.config.ObjectPostProcessor; SearchStrategy: all) found beans 'objectPostProcessor', 'webAuthorizationManagerPostProcessor', 'filterChainDecoratorPostProcessor', 'authenticationManagerPostProcessor'; @ConditionalOnMissingBean (types: org.springframework.security.authentication.AuthenticationManager,org.springframework.security.authentication.AuthenticationProvider,org.springframework.security.core.userdetails.UserDetailsService,org.springframework.security.authentication.AuthenticationManagerResolver,?; SearchStrategy: all) did not find any beans (OnBeanCondition)


Negative matches:
-----------------

    None


Exclusions:
-----------

    None


Unconditional classes:
----------------------

    None



2025-05-29T09:51:42.587+02:00  INFO 4972 --- [ERP-System] [File Watcher] rtingClassPathChangeChangedEventListener : Restarting due to 49 class path changes (49 additions, 0 deletions, 0 modifications)
2025-05-29T09:51:42.587+02:00  INFO 4972 --- [ERP-System] [Thread-7] o.s.b.w.e.tomcat.GracefulShutdown        : Commencing graceful shutdown. Waiting for active requests to complete
2025-05-29T09:51:42.603+02:00  INFO 4972 --- [ERP-System] [tomcat-shutdown] o.s.b.w.e.tomcat.GracefulShutdown        : Graceful shutdown complete
2025-05-29T09:51:42.603+02:00  INFO 4972 --- [ERP-System] [Thread-7] j.LocalContainerEntityManagerFactoryBean : Closing JPA EntityManagerFactory for persistence unit 'default'
2025-05-29T09:51:42.603+02:00  INFO 4972 --- [ERP-System] [Thread-7] com.zaxxer.hikari.HikariDataSource       : HikariPool-2 - Shutdown initiated...
2025-05-29T09:51:42.603+02:00  INFO 4972 --- [ERP-System] [Thread-7] com.zaxxer.hikari.HikariDataSource       : HikariPool-2 - Shutdown completed.
2025-05-29T09:51:42.718+02:00  INFO 4972 --- [ERP-System] [restartedMain] com.backup.BackupApplication             : Starting BackupApplication using Java 21 with PID 4972 (C:\Users\admin\Desktop\Java\Backup\target\classes started by admin in C:\Users\admin\Desktop\Java\Backup)
2025-05-29T09:51:42.718+02:00  INFO 4972 --- [ERP-System] [restartedMain] com.backup.BackupApplication             : No active profile set, falling back to 1 default profile: "default"
2025-05-29T09:51:43.047+02:00  INFO 4972 --- [ERP-System] [restartedMain] .s.d.r.c.RepositoryConfigurationDelegate : Bootstrapping Spring Data JPA repositories in DEFAULT mode.
2025-05-29T09:51:43.085+02:00  INFO 4972 --- [ERP-System] [restartedMain] .s.d.r.c.RepositoryConfigurationDelegate : Finished Spring Data repository scanning in 22 ms. Found 5 JPA repository interfaces.
2025-05-29T09:51:43.195+02:00  INFO 4972 --- [ERP-System] [restartedMain] o.s.b.w.embedded.tomcat.TomcatWebServer  : Tomcat initialized with port 8080 (http)
2025-05-29T09:51:43.195+02:00  INFO 4972 --- [ERP-System] [restartedMain] o.apache.catalina.core.StandardService   : Starting service [Tomcat]
2025-05-29T09:51:43.195+02:00  INFO 4972 --- [ERP-System] [restartedMain] o.apache.catalina.core.StandardEngine    : Starting Servlet engine: [Apache Tomcat/10.1.41]
2025-05-29T09:51:43.211+02:00  INFO 4972 --- [ERP-System] [restartedMain] o.a.c.c.C.[Tomcat].[localhost].[/]       : Initializing Spring embedded WebApplicationContext
2025-05-29T09:51:43.211+02:00  INFO 4972 --- [ERP-System] [restartedMain] w.s.c.ServletWebServerApplicationContext : Root WebApplicationContext: initialization completed in 490 ms
2025-05-29T09:51:43.258+02:00  INFO 4972 --- [ERP-System] [restartedMain] o.hibernate.jpa.internal.util.LogHelper  : HHH000204: Processing PersistenceUnitInfo [name: default]
2025-05-29T09:51:43.258+02:00  INFO 4972 --- [ERP-System] [restartedMain] o.h.c.internal.RegionFactoryInitiator    : HHH000026: Second-level cache disabled
2025-05-29T09:51:43.274+02:00  INFO 4972 --- [ERP-System] [restartedMain] o.s.o.j.p.SpringPersistenceUnitInfo      : No LoadTimeWeaver setup: ignoring JPA class transformer
2025-05-29T09:51:43.274+02:00  INFO 4972 --- [ERP-System] [restartedMain] com.zaxxer.hikari.HikariDataSource       : HikariPool-3 - Starting...
2025-05-29T09:51:43.316+02:00  INFO 4972 --- [ERP-System] [restartedMain] com.zaxxer.hikari.pool.HikariPool        : HikariPool-3 - Added connection org.postgresql.jdbc.PgConnection@4beb9e9c
2025-05-29T09:51:43.316+02:00  INFO 4972 --- [ERP-System] [restartedMain] com.zaxxer.hikari.HikariDataSource       : HikariPool-3 - Start completed.
2025-05-29T09:51:43.322+02:00  WARN 4972 --- [ERP-System] [restartedMain] org.hibernate.orm.deprecation            : HHH90000025: PostgreSQLDialect does not need to be specified explicitly using 'hibernate.dialect' (remove the property setting and it will be selected by default)
2025-05-29T09:51:43.323+02:00  INFO 4972 --- [ERP-System] [restartedMain] org.hibernate.orm.connections.pooling    : HHH10001005: Database info:
	Database JDBC URL [Connecting through datasource 'HikariDataSource (HikariPool-3)']
	Database driver: undefined/unknown
	Database version: 16.4
	Autocommit mode: undefined/unknown
	Isolation level: undefined/unknown
	Minimum pool size: undefined/unknown
	Maximum pool size: undefined/unknown
2025-05-29T09:51:43.461+02:00  INFO 4972 --- [ERP-System] [restartedMain] o.h.e.t.j.p.i.JtaPlatformInitiator       : HHH000489: No JTA platform available (set 'hibernate.transaction.jta.platform' to enable JTA platform integration)
2025-05-29T09:51:43.693+02:00  INFO 4972 --- [ERP-System] [restartedMain] j.LocalContainerEntityManagerFactoryBean : Initialized JPA EntityManagerFactory for persistence unit 'default'
2025-05-29T09:51:43.799+02:00  INFO 4972 --- [ERP-System] [restartedMain] eAuthenticationProviderManagerConfigurer : Global AuthenticationManager configured with AuthenticationProvider bean with name authenticationProvider
2025-05-29T09:51:43.799+02:00  WARN 4972 --- [ERP-System] [restartedMain] r$InitializeUserDetailsManagerConfigurer : Global AuthenticationManager configured with an AuthenticationProvider bean. UserDetailsService beans will not be used by Spring Security for automatically configuring username/password login. Consider removing the AuthenticationProvider bean. Alternatively, consider using the UserDetailsService in a manually instantiated DaoAuthenticationProvider. If the current configuration is intentional, to turn off this warning, increase the logging level of 'org.springframework.security.config.annotation.authentication.configuration.InitializeUserDetailsBeanManagerConfigurer' to ERROR
2025-05-29T09:51:43.985+02:00  WARN 4972 --- [ERP-System] [restartedMain] JpaBaseConfiguration$JpaWebConfiguration : spring.jpa.open-in-view is enabled by default. Therefore, database queries may be performed during view rendering. Explicitly configure spring.jpa.open-in-view to disable this warning
2025-05-29T09:51:44.279+02:00  INFO 4972 --- [ERP-System] [restartedMain] o.s.b.d.a.OptionalLiveReloadServer       : LiveReload server is running on port 35729
2025-05-29T09:51:44.292+02:00  INFO 4972 --- [ERP-System] [restartedMain] o.s.b.w.embedded.tomcat.TomcatWebServer  : Tomcat started on port 8080 (http) with context path '/'
2025-05-29T09:51:44.297+02:00  INFO 4972 --- [ERP-System] [restartedMain] com.backup.BackupApplication             : Started BackupApplication in 1.623 seconds (process running for 24.086)
2025-05-29T09:51:44.298+02:00  INFO 4972 --- [ERP-System] [restartedMain] com.backup.config.SwaggerUrlLogger       : 
----------------------------------------------------------
	Swagger UI is available at: 
	Local: 		http://localhost:8080/swagger-ui.html
	External: 	http://10.12.74.1:8080/swagger-ui.html
----------------------------------------------------------
2025-05-29T09:51:44.300+02:00  INFO 4972 --- [ERP-System] [restartedMain] .ConditionEvaluationDeltaLoggingListener : Condition evaluation delta:


==========================
CONDITION EVALUATION DELTA
==========================


Positive matches:
-----------------

    None


Negative matches:
-----------------

   SpringBootWebSecurityConfiguration.SecurityFilterChainConfiguration:
      Did not match:
         - AllNestedConditions 1 matched 1 did not; NestedCondition on DefaultWebSecurityCondition.Beans @ConditionalOnMissingBean (types: org.springframework.security.web.SecurityFilterChain; SearchStrategy: all) found beans of type 'org.springframework.security.web.SecurityFilterChain' securityFilterChain; NestedCondition on DefaultWebSecurityCondition.Classes @ConditionalOnClass found required classes 'org.springframework.security.web.SecurityFilterChain', 'org.springframework.security.config.annotation.web.builders.HttpSecurity' (DefaultWebSecurityCondition)

   SpringBootWebSecurityConfiguration.WebSecurityEnablerConfiguration:
      Did not match:
         - @ConditionalOnMissingBean (names: springSecurityFilterChain; SearchStrategy: all) found beans named springSecurityFilterChain (OnBeanCondition)
      Matched:
         - @ConditionalOnClass found required class 'org.springframework.security.config.annotation.web.configuration.EnableWebSecurity' (OnClassCondition)

   UserDetailsServiceAutoConfiguration:
      Did not match:
         - @ConditionalOnMissingBean (types: org.springframework.security.authentication.AuthenticationManager,org.springframework.security.authentication.AuthenticationProvider,org.springframework.security.core.userdetails.UserDetailsService,org.springframework.security.authentication.AuthenticationManagerResolver,?; SearchStrategy: all) found beans of type 'org.springframework.security.authentication.AuthenticationManager' authenticationManager and found beans of type 'org.springframework.security.core.userdetails.UserDetailsService' userDetailsServiceImpl and found beans of type 'org.springframework.security.authentication.AuthenticationProvider' authenticationProvider (OnBeanCondition)
      Matched:
         - @ConditionalOnClass found required class 'org.springframework.security.authentication.AuthenticationManager' (OnClassCondition)
         - found 'session' scope (OnWebApplicationCondition)
         - AnyNestedCondition 1 matched 2 did not; NestedCondition on UserDetailsServiceAutoConfiguration.MissingAlternativeOrUserPropertiesConfigured.PasswordConfigured @ConditionalOnProperty (spring.security.user.password) did not find property 'spring.security.user.password'; NestedCondition on UserDetailsServiceAutoConfiguration.MissingAlternativeOrUserPropertiesConfigured.NameConfigured @ConditionalOnProperty (spring.security.user.name) did not find property 'spring.security.user.name'; NestedCondition on UserDetailsServiceAutoConfiguration.MissingAlternativeOrUserPropertiesConfigured.MissingAlternative @ConditionalOnMissingClass did not find unwanted classes 'org.springframework.security.oauth2.client.registration.ClientRegistrationRepository', 'org.springframework.security.oauth2.server.resource.introspection.OpaqueTokenIntrospector', 'org.springframework.security.saml2.provider.service.registration.RelyingPartyRegistrationRepository' (UserDetailsServiceAutoConfiguration.MissingAlternativeOrUserPropertiesConfigured)


Exclusions:
-----------

    None


Unconditional classes:
----------------------

    None



2025-05-29T10:03:14.912+02:00  INFO 4972 --- [ERP-System] [File Watcher] rtingClassPathChangeChangedEventListener : Restarting due to 1 class path change (0 additions, 0 deletions, 1 modification)
2025-05-29T10:03:14.915+02:00  INFO 4972 --- [ERP-System] [Thread-11] o.s.b.w.e.tomcat.GracefulShutdown        : Commencing graceful shutdown. Waiting for active requests to complete
2025-05-29T10:03:14.927+02:00  INFO 4972 --- [ERP-System] [tomcat-shutdown] o.s.b.w.e.tomcat.GracefulShutdown        : Graceful shutdown complete
2025-05-29T10:03:14.929+02:00  INFO 4972 --- [ERP-System] [Thread-11] j.LocalContainerEntityManagerFactoryBean : Closing JPA EntityManagerFactory for persistence unit 'default'
2025-05-29T10:03:14.929+02:00  INFO 4972 --- [ERP-System] [Thread-11] com.zaxxer.hikari.HikariDataSource       : HikariPool-3 - Shutdown initiated...
2025-05-29T10:03:14.931+02:00  INFO 4972 --- [ERP-System] [Thread-11] com.zaxxer.hikari.HikariDataSource       : HikariPool-3 - Shutdown completed.
2025-05-29T10:03:14.991+02:00  INFO 4972 --- [ERP-System] [restartedMain] com.backup.BackupApplication             : Starting BackupApplication using Java 21 with PID 4972 (C:\Users\admin\Desktop\Java\Backup\target\classes started by admin in C:\Users\admin\Desktop\Java\Backup)
2025-05-29T10:03:14.992+02:00  INFO 4972 --- [ERP-System] [restartedMain] com.backup.BackupApplication             : No active profile set, falling back to 1 default profile: "default"
2025-05-29T10:03:15.120+02:00  INFO 4972 --- [ERP-System] [restartedMain] .s.d.r.c.RepositoryConfigurationDelegate : Bootstrapping Spring Data JPA repositories in DEFAULT mode.
2025-05-29T10:03:15.133+02:00  INFO 4972 --- [ERP-System] [restartedMain] .s.d.r.c.RepositoryConfigurationDelegate : Finished Spring Data repository scanning in 12 ms. Found 5 JPA repository interfaces.
2025-05-29T10:03:15.203+02:00  INFO 4972 --- [ERP-System] [restartedMain] o.s.b.w.embedded.tomcat.TomcatWebServer  : Tomcat initialized with port 8080 (http)
2025-05-29T10:03:15.204+02:00  INFO 4972 --- [ERP-System] [restartedMain] o.apache.catalina.core.StandardService   : Starting service [Tomcat]
2025-05-29T10:03:15.204+02:00  INFO 4972 --- [ERP-System] [restartedMain] o.apache.catalina.core.StandardEngine    : Starting Servlet engine: [Apache Tomcat/10.1.41]
2025-05-29T10:03:15.213+02:00  INFO 4972 --- [ERP-System] [restartedMain] o.a.c.c.C.[Tomcat].[localhost].[/]       : Initializing Spring embedded WebApplicationContext
2025-05-29T10:03:15.213+02:00  INFO 4972 --- [ERP-System] [restartedMain] w.s.c.ServletWebServerApplicationContext : Root WebApplicationContext: initialization completed in 220 ms
2025-05-29T10:03:15.241+02:00  INFO 4972 --- [ERP-System] [restartedMain] o.hibernate.jpa.internal.util.LogHelper  : HHH000204: Processing PersistenceUnitInfo [name: default]
2025-05-29T10:03:15.243+02:00  INFO 4972 --- [ERP-System] [restartedMain] o.h.c.internal.RegionFactoryInitiator    : HHH000026: Second-level cache disabled
2025-05-29T10:03:15.247+02:00  INFO 4972 --- [ERP-System] [restartedMain] o.s.o.j.p.SpringPersistenceUnitInfo      : No LoadTimeWeaver setup: ignoring JPA class transformer
2025-05-29T10:03:15.248+02:00  INFO 4972 --- [ERP-System] [restartedMain] com.zaxxer.hikari.HikariDataSource       : HikariPool-4 - Starting...
2025-05-29T10:03:15.279+02:00  INFO 4972 --- [ERP-System] [restartedMain] com.zaxxer.hikari.pool.HikariPool        : HikariPool-4 - Added connection org.postgresql.jdbc.PgConnection@441a612a
2025-05-29T10:03:15.279+02:00  INFO 4972 --- [ERP-System] [restartedMain] com.zaxxer.hikari.HikariDataSource       : HikariPool-4 - Start completed.
2025-05-29T10:03:15.285+02:00  WARN 4972 --- [ERP-System] [restartedMain] org.hibernate.orm.deprecation            : HHH90000025: PostgreSQLDialect does not need to be specified explicitly using 'hibernate.dialect' (remove the property setting and it will be selected by default)
2025-05-29T10:03:15.285+02:00  INFO 4972 --- [ERP-System] [restartedMain] org.hibernate.orm.connections.pooling    : HHH10001005: Database info:
	Database JDBC URL [Connecting through datasource 'HikariDataSource (HikariPool-4)']
	Database driver: undefined/unknown
	Database version: 16.4
	Autocommit mode: undefined/unknown
	Isolation level: undefined/unknown
	Minimum pool size: undefined/unknown
	Maximum pool size: undefined/unknown
2025-05-29T10:03:15.354+02:00  INFO 4972 --- [ERP-System] [restartedMain] o.h.e.t.j.p.i.JtaPlatformInitiator       : HHH000489: No JTA platform available (set 'hibernate.transaction.jta.platform' to enable JTA platform integration)
2025-05-29T10:03:15.528+02:00  INFO 4972 --- [ERP-System] [restartedMain] j.LocalContainerEntityManagerFactoryBean : Initialized JPA EntityManagerFactory for persistence unit 'default'
2025-05-29T10:03:15.594+02:00  INFO 4972 --- [ERP-System] [restartedMain] eAuthenticationProviderManagerConfigurer : Global AuthenticationManager configured with AuthenticationProvider bean with name authenticationProvider
2025-05-29T10:03:15.594+02:00  WARN 4972 --- [ERP-System] [restartedMain] r$InitializeUserDetailsManagerConfigurer : Global AuthenticationManager configured with an AuthenticationProvider bean. UserDetailsService beans will not be used by Spring Security for automatically configuring username/password login. Consider removing the AuthenticationProvider bean. Alternatively, consider using the UserDetailsService in a manually instantiated DaoAuthenticationProvider. If the current configuration is intentional, to turn off this warning, increase the logging level of 'org.springframework.security.config.annotation.authentication.configuration.InitializeUserDetailsBeanManagerConfigurer' to ERROR
2025-05-29T10:03:15.892+02:00  INFO 4972 --- [ERP-System] [restartedMain] o.s.b.d.a.OptionalLiveReloadServer       : LiveReload server is running on port 35729
2025-05-29T10:03:15.902+02:00  INFO 4972 --- [ERP-System] [restartedMain] o.s.b.w.embedded.tomcat.TomcatWebServer  : Tomcat started on port 8080 (http) with context path '/'
2025-05-29T10:03:15.904+02:00  INFO 4972 --- [ERP-System] [restartedMain] com.backup.BackupApplication             : Started BackupApplication in 0.929 seconds (process running for 715.694)
2025-05-29T10:03:15.905+02:00  INFO 4972 --- [ERP-System] [restartedMain] com.backup.config.SwaggerUrlLogger       : 
----------------------------------------------------------
	Swagger UI is available at: 
	Local: 		http://localhost:8080/swagger-ui.html
	External: 	http://192.168.1.101:8080/swagger-ui.html
----------------------------------------------------------
2025-05-29T10:03:15.906+02:00  INFO 4972 --- [ERP-System] [restartedMain] .ConditionEvaluationDeltaLoggingListener : Condition evaluation delta:


==========================
CONDITION EVALUATION DELTA
==========================


Positive matches:
-----------------

    None


Negative matches:
-----------------

   JpaBaseConfiguration.JpaWebConfiguration:
      Did not match:
         - @ConditionalOnBooleanProperty (spring.jpa.open-in-view=true) found different value in property 'spring.jpa.open-in-view' (OnPropertyCondition)
      Matched:
         - @ConditionalOnClass found required class 'org.springframework.web.servlet.config.annotation.WebMvcConfigurer' (OnClassCondition)
         - found 'session' scope (OnWebApplicationCondition)


Exclusions:
-----------

    None


Unconditional classes:
----------------------

    None



2025-05-29T10:06:48.341+02:00  INFO 4972 --- [ERP-System] [http-nio-8080-exec-2] o.a.c.c.C.[Tomcat].[localhost].[/]       : Initializing Spring DispatcherServlet 'dispatcherServlet'
2025-05-29T10:06:48.341+02:00  INFO 4972 --- [ERP-System] [http-nio-8080-exec-2] o.s.web.servlet.DispatcherServlet        : Initializing Servlet 'dispatcherServlet'
2025-05-29T10:06:48.342+02:00  INFO 4972 --- [ERP-System] [http-nio-8080-exec-2] o.s.web.servlet.DispatcherServlet        : Completed initialization in 1 ms
2025-05-29T10:06:50.800+02:00  INFO 4972 --- [ERP-System] [http-nio-8080-exec-1] o.springdoc.api.AbstractOpenApiResource  : Init duration for springdoc-openapi is: 1287 ms
2025-05-29T10:12:22.302+02:00  INFO 4972 --- [ERP-System] [File Watcher] rtingClassPathChangeChangedEventListener : Restarting due to 1 class path change (0 additions, 0 deletions, 1 modification)
2025-05-29T10:12:22.302+02:00  INFO 4972 --- [ERP-System] [Thread-15] o.s.b.w.e.tomcat.GracefulShutdown        : Commencing graceful shutdown. Waiting for active requests to complete
2025-05-29T10:12:22.302+02:00  INFO 4972 --- [ERP-System] [tomcat-shutdown] o.s.b.w.e.tomcat.GracefulShutdown        : Graceful shutdown complete
2025-05-29T10:12:22.302+02:00  INFO 4972 --- [ERP-System] [Thread-15] j.LocalContainerEntityManagerFactoryBean : Closing JPA EntityManagerFactory for persistence unit 'default'
2025-05-29T10:12:22.302+02:00  INFO 4972 --- [ERP-System] [Thread-15] com.zaxxer.hikari.HikariDataSource       : HikariPool-4 - Shutdown initiated...
2025-05-29T10:12:22.302+02:00  INFO 4972 --- [ERP-System] [Thread-15] com.zaxxer.hikari.HikariDataSource       : HikariPool-4 - Shutdown completed.
2025-05-29T10:12:22.380+02:00  INFO 4972 --- [ERP-System] [restartedMain] com.backup.BackupApplication             : Starting BackupApplication using Java 21 with PID 4972 (C:\Users\admin\Desktop\Java\Backup\target\classes started by admin in C:\Users\admin\Desktop\Java\Backup)
2025-05-29T10:12:22.380+02:00  INFO 4972 --- [ERP-System] [restartedMain] com.backup.BackupApplication             : No active profile set, falling back to 1 default profile: "default"
2025-05-29T10:12:22.503+02:00  INFO 4972 --- [ERP-System] [restartedMain] .s.d.r.c.RepositoryConfigurationDelegate : Bootstrapping Spring Data JPA repositories in DEFAULT mode.
2025-05-29T10:12:22.519+02:00  INFO 4972 --- [ERP-System] [restartedMain] .s.d.r.c.RepositoryConfigurationDelegate : Finished Spring Data repository scanning in 13 ms. Found 5 JPA repository interfaces.
2025-05-29T10:12:22.597+02:00  INFO 4972 --- [ERP-System] [restartedMain] o.s.b.w.embedded.tomcat.TomcatWebServer  : Tomcat initialized with port 8080 (http)
2025-05-29T10:12:22.597+02:00  INFO 4972 --- [ERP-System] [restartedMain] o.apache.catalina.core.StandardService   : Starting service [Tomcat]
2025-05-29T10:12:22.597+02:00  INFO 4972 --- [ERP-System] [restartedMain] o.apache.catalina.core.StandardEngine    : Starting Servlet engine: [Apache Tomcat/10.1.41]
2025-05-29T10:12:22.597+02:00  INFO 4972 --- [ERP-System] [restartedMain] o.a.c.c.C.[Tomcat].[localhost].[/]       : Initializing Spring embedded WebApplicationContext
2025-05-29T10:12:22.597+02:00  INFO 4972 --- [ERP-System] [restartedMain] w.s.c.ServletWebServerApplicationContext : Root WebApplicationContext: initialization completed in 217 ms
2025-05-29T10:12:22.628+02:00  INFO 4972 --- [ERP-System] [restartedMain] o.hibernate.jpa.internal.util.LogHelper  : HHH000204: Processing PersistenceUnitInfo [name: default]
2025-05-29T10:12:22.628+02:00  INFO 4972 --- [ERP-System] [restartedMain] o.h.c.internal.RegionFactoryInitiator    : HHH000026: Second-level cache disabled
2025-05-29T10:12:22.628+02:00  INFO 4972 --- [ERP-System] [restartedMain] o.s.o.j.p.SpringPersistenceUnitInfo      : No LoadTimeWeaver setup: ignoring JPA class transformer
2025-05-29T10:12:22.628+02:00  INFO 4972 --- [ERP-System] [restartedMain] com.zaxxer.hikari.HikariDataSource       : HikariPool-5 - Starting...
2025-05-29T10:12:22.660+02:00  INFO 4972 --- [ERP-System] [restartedMain] com.zaxxer.hikari.pool.HikariPool        : HikariPool-5 - Added connection org.postgresql.jdbc.PgConnection@62e49ab3
2025-05-29T10:12:22.660+02:00  INFO 4972 --- [ERP-System] [restartedMain] com.zaxxer.hikari.HikariDataSource       : HikariPool-5 - Start completed.
2025-05-29T10:12:22.660+02:00  WARN 4972 --- [ERP-System] [restartedMain] org.hibernate.orm.deprecation            : HHH90000025: PostgreSQLDialect does not need to be specified explicitly using 'hibernate.dialect' (remove the property setting and it will be selected by default)
2025-05-29T10:12:22.660+02:00  INFO 4972 --- [ERP-System] [restartedMain] org.hibernate.orm.connections.pooling    : HHH10001005: Database info:
	Database JDBC URL [Connecting through datasource 'HikariDataSource (HikariPool-5)']
	Database driver: undefined/unknown
	Database version: 16.4
	Autocommit mode: undefined/unknown
	Isolation level: undefined/unknown
	Minimum pool size: undefined/unknown
	Maximum pool size: undefined/unknown
2025-05-29T10:12:22.754+02:00  INFO 4972 --- [ERP-System] [restartedMain] o.h.e.t.j.p.i.JtaPlatformInitiator       : HHH000489: No JTA platform available (set 'hibernate.transaction.jta.platform' to enable JTA platform integration)
2025-05-29T10:12:22.999+02:00  INFO 4972 --- [ERP-System] [restartedMain] j.LocalContainerEntityManagerFactoryBean : Initialized JPA EntityManagerFactory for persistence unit 'default'
2025-05-29T10:12:23.063+02:00  INFO 4972 --- [ERP-System] [restartedMain] eAuthenticationProviderManagerConfigurer : Global AuthenticationManager configured with AuthenticationProvider bean with name authenticationProvider
2025-05-29T10:12:23.063+02:00  WARN 4972 --- [ERP-System] [restartedMain] r$InitializeUserDetailsManagerConfigurer : Global AuthenticationManager configured with an AuthenticationProvider bean. UserDetailsService beans will not be used by Spring Security for automatically configuring username/password login. Consider removing the AuthenticationProvider bean. Alternatively, consider using the UserDetailsService in a manually instantiated DaoAuthenticationProvider. If the current configuration is intentional, to turn off this warning, increase the logging level of 'org.springframework.security.config.annotation.authentication.configuration.InitializeUserDetailsBeanManagerConfigurer' to ERROR
2025-05-29T10:12:23.419+02:00  INFO 4972 --- [ERP-System] [restartedMain] o.s.b.d.a.OptionalLiveReloadServer       : LiveReload server is running on port 35729
2025-05-29T10:12:23.429+02:00  INFO 4972 --- [ERP-System] [restartedMain] o.s.b.w.embedded.tomcat.TomcatWebServer  : Tomcat started on port 8080 (http) with context path '/'
2025-05-29T10:12:23.429+02:00  INFO 4972 --- [ERP-System] [restartedMain] com.backup.BackupApplication             : Started BackupApplication in 1.065 seconds (process running for 1263.226)
2025-05-29T10:12:23.429+02:00  INFO 4972 --- [ERP-System] [restartedMain] com.backup.config.SwaggerUrlLogger       : 
----------------------------------------------------------
	Swagger UI is available at: 
	Local: 		http://localhost:8080/swagger-ui.html
	External: 	http://192.168.1.101:8080/swagger-ui.html
----------------------------------------------------------
2025-05-29T10:12:23.429+02:00  INFO 4972 --- [ERP-System] [restartedMain] .ConditionEvaluationDeltaLoggingListener : Condition evaluation delta:


==========================
CONDITION EVALUATION DELTA
==========================


Positive matches:
-----------------

   JpaBaseConfiguration.JpaWebConfiguration matched:
      - @ConditionalOnClass found required class 'org.springframework.web.servlet.config.annotation.WebMvcConfigurer' (OnClassCondition)
      - found 'session' scope (OnWebApplicationCondition)
      - @ConditionalOnBooleanProperty (spring.jpa.open-in-view=true) matched (OnPropertyCondition)
      - @ConditionalOnMissingBean (types: org.springframework.orm.jpa.support.OpenEntityManagerInViewInterceptor,org.springframework.orm.jpa.support.OpenEntityManagerInViewFilter; SearchStrategy: all) did not find any beans (OnBeanCondition)


Negative matches:
-----------------

    None


Exclusions:
-----------

    None


Unconditional classes:
----------------------

    None



2025-05-29T10:15:53.892+02:00  INFO 4972 --- [ERP-System] [File Watcher] rtingClassPathChangeChangedEventListener : Restarting due to 1 class path change (0 additions, 0 deletions, 1 modification)
2025-05-29T10:15:53.894+02:00  INFO 4972 --- [ERP-System] [Thread-19] o.s.b.w.e.tomcat.GracefulShutdown        : Commencing graceful shutdown. Waiting for active requests to complete
2025-05-29T10:15:53.906+02:00  INFO 4972 --- [ERP-System] [tomcat-shutdown] o.s.b.w.e.tomcat.GracefulShutdown        : Graceful shutdown complete
2025-05-29T10:15:53.908+02:00  INFO 4972 --- [ERP-System] [Thread-19] j.LocalContainerEntityManagerFactoryBean : Closing JPA EntityManagerFactory for persistence unit 'default'
2025-05-29T10:15:53.909+02:00  INFO 4972 --- [ERP-System] [Thread-19] com.zaxxer.hikari.HikariDataSource       : HikariPool-5 - Shutdown initiated...
2025-05-29T10:15:53.910+02:00  INFO 4972 --- [ERP-System] [Thread-19] com.zaxxer.hikari.HikariDataSource       : HikariPool-5 - Shutdown completed.
2025-05-29T10:15:54.040+02:00  INFO 4972 --- [ERP-System] [restartedMain] com.backup.BackupApplication             : Starting BackupApplication using Java 21 with PID 4972 (C:\Users\admin\Desktop\Java\Backup\target\classes started by admin in C:\Users\admin\Desktop\Java\Backup)
2025-05-29T10:15:54.040+02:00  INFO 4972 --- [ERP-System] [restartedMain] com.backup.BackupApplication             : No active profile set, falling back to 1 default profile: "default"
2025-05-29T10:15:54.225+02:00  INFO 4972 --- [ERP-System] [restartedMain] .s.d.r.c.RepositoryConfigurationDelegate : Bootstrapping Spring Data JPA repositories in DEFAULT mode.
2025-05-29T10:15:54.239+02:00  INFO 4972 --- [ERP-System] [restartedMain] .s.d.r.c.RepositoryConfigurationDelegate : Finished Spring Data repository scanning in 13 ms. Found 5 JPA repository interfaces.
2025-05-29T10:15:54.346+02:00  INFO 4972 --- [ERP-System] [restartedMain] o.s.b.w.embedded.tomcat.TomcatWebServer  : Tomcat initialized with port 8080 (http)
2025-05-29T10:15:54.347+02:00  INFO 4972 --- [ERP-System] [restartedMain] o.apache.catalina.core.StandardService   : Starting service [Tomcat]
2025-05-29T10:15:54.347+02:00  INFO 4972 --- [ERP-System] [restartedMain] o.apache.catalina.core.StandardEngine    : Starting Servlet engine: [Apache Tomcat/10.1.41]
2025-05-29T10:15:54.354+02:00  INFO 4972 --- [ERP-System] [restartedMain] o.a.c.c.C.[Tomcat].[localhost].[/]       : Initializing Spring embedded WebApplicationContext
2025-05-29T10:15:54.354+02:00  INFO 4972 --- [ERP-System] [restartedMain] w.s.c.ServletWebServerApplicationContext : Root WebApplicationContext: initialization completed in 312 ms
2025-05-29T10:15:54.385+02:00  INFO 4972 --- [ERP-System] [restartedMain] o.hibernate.jpa.internal.util.LogHelper  : HHH000204: Processing PersistenceUnitInfo [name: default]
2025-05-29T10:15:54.387+02:00  INFO 4972 --- [ERP-System] [restartedMain] o.h.c.internal.RegionFactoryInitiator    : HHH000026: Second-level cache disabled
2025-05-29T10:15:54.392+02:00  INFO 4972 --- [ERP-System] [restartedMain] o.s.o.j.p.SpringPersistenceUnitInfo      : No LoadTimeWeaver setup: ignoring JPA class transformer
2025-05-29T10:15:54.393+02:00  INFO 4972 --- [ERP-System] [restartedMain] com.zaxxer.hikari.HikariDataSource       : HikariPool-6 - Starting...
2025-05-29T10:15:54.422+02:00  INFO 4972 --- [ERP-System] [restartedMain] com.zaxxer.hikari.pool.HikariPool        : HikariPool-6 - Added connection org.postgresql.jdbc.PgConnection@7e66c46c
2025-05-29T10:15:54.423+02:00  INFO 4972 --- [ERP-System] [restartedMain] com.zaxxer.hikari.HikariDataSource       : HikariPool-6 - Start completed.
2025-05-29T10:15:54.428+02:00  WARN 4972 --- [ERP-System] [restartedMain] org.hibernate.orm.deprecation            : HHH90000025: PostgreSQLDialect does not need to be specified explicitly using 'hibernate.dialect' (remove the property setting and it will be selected by default)
2025-05-29T10:15:54.430+02:00  INFO 4972 --- [ERP-System] [restartedMain] org.hibernate.orm.connections.pooling    : HHH10001005: Database info:
	Database JDBC URL [Connecting through datasource 'HikariDataSource (HikariPool-6)']
	Database driver: undefined/unknown
	Database version: 16.4
	Autocommit mode: undefined/unknown
	Isolation level: undefined/unknown
	Minimum pool size: undefined/unknown
	Maximum pool size: undefined/unknown
2025-05-29T10:15:54.518+02:00  INFO 4972 --- [ERP-System] [restartedMain] o.h.e.t.j.p.i.JtaPlatformInitiator       : HHH000489: No JTA platform available (set 'hibernate.transaction.jta.platform' to enable JTA platform integration)
2025-05-29T10:15:54.716+02:00  INFO 4972 --- [ERP-System] [restartedMain] j.LocalContainerEntityManagerFactoryBean : Initialized JPA EntityManagerFactory for persistence unit 'default'
2025-05-29T10:15:54.779+02:00  INFO 4972 --- [ERP-System] [restartedMain] eAuthenticationProviderManagerConfigurer : Global AuthenticationManager configured with AuthenticationProvider bean with name authenticationProvider
2025-05-29T10:15:54.779+02:00  WARN 4972 --- [ERP-System] [restartedMain] r$InitializeUserDetailsManagerConfigurer : Global AuthenticationManager configured with an AuthenticationProvider bean. UserDetailsService beans will not be used by Spring Security for automatically configuring username/password login. Consider removing the AuthenticationProvider bean. Alternatively, consider using the UserDetailsService in a manually instantiated DaoAuthenticationProvider. If the current configuration is intentional, to turn off this warning, increase the logging level of 'org.springframework.security.config.annotation.authentication.configuration.InitializeUserDetailsBeanManagerConfigurer' to ERROR
2025-05-29T10:15:55.088+02:00  INFO 4972 --- [ERP-System] [restartedMain] o.s.b.d.a.OptionalLiveReloadServer       : LiveReload server is running on port 35729
2025-05-29T10:15:55.096+02:00  INFO 4972 --- [ERP-System] [restartedMain] o.s.b.w.embedded.tomcat.TomcatWebServer  : Tomcat started on port 8080 (http) with context path '/'
2025-05-29T10:15:55.100+02:00  INFO 4972 --- [ERP-System] [restartedMain] com.backup.BackupApplication             : Started BackupApplication in 1.092 seconds (process running for 1474.888)
2025-05-29T10:15:55.101+02:00  INFO 4972 --- [ERP-System] [restartedMain] com.backup.config.SwaggerUrlLogger       : 
----------------------------------------------------------
	Swagger UI is available at: 
	Local: 		http://localhost:8080/swagger-ui.html
	External: 	http://192.168.1.101:8080/swagger-ui.html
----------------------------------------------------------
2025-05-29T10:15:55.102+02:00  INFO 4972 --- [ERP-System] [restartedMain] .ConditionEvaluationDeltaLoggingListener : Condition evaluation unchanged
2025-05-29T10:19:24.262+02:00  INFO 4972 --- [ERP-System] [File Watcher] rtingClassPathChangeChangedEventListener : Restarting due to 1 class path change (0 additions, 1 deletion, 0 modifications)
2025-05-29T10:19:24.264+02:00  INFO 4972 --- [ERP-System] [Thread-23] o.s.b.w.e.tomcat.GracefulShutdown        : Commencing graceful shutdown. Waiting for active requests to complete
2025-05-29T10:19:24.276+02:00  INFO 4972 --- [ERP-System] [tomcat-shutdown] o.s.b.w.e.tomcat.GracefulShutdown        : Graceful shutdown complete
2025-05-29T10:19:24.279+02:00  INFO 4972 --- [ERP-System] [Thread-23] j.LocalContainerEntityManagerFactoryBean : Closing JPA EntityManagerFactory for persistence unit 'default'
2025-05-29T10:19:24.280+02:00  INFO 4972 --- [ERP-System] [Thread-23] com.zaxxer.hikari.HikariDataSource       : HikariPool-6 - Shutdown initiated...
2025-05-29T10:19:24.284+02:00  INFO 4972 --- [ERP-System] [Thread-23] com.zaxxer.hikari.HikariDataSource       : HikariPool-6 - Shutdown completed.
2025-05-29T10:19:24.381+02:00  INFO 4972 --- [ERP-System] [restartedMain] com.backup.BackupApplication             : Starting BackupApplication using Java 21 with PID 4972 (C:\Users\admin\Desktop\Java\Backup\target\classes started by admin in C:\Users\admin\Desktop\Java\Backup)
2025-05-29T10:19:24.381+02:00  INFO 4972 --- [ERP-System] [restartedMain] com.backup.BackupApplication             : No active profile set, falling back to 1 default profile: "default"
2025-05-29T10:19:24.556+02:00  INFO 4972 --- [ERP-System] [restartedMain] .s.d.r.c.RepositoryConfigurationDelegate : Bootstrapping Spring Data JPA repositories in DEFAULT mode.
2025-05-29T10:19:24.569+02:00  INFO 4972 --- [ERP-System] [restartedMain] .s.d.r.c.RepositoryConfigurationDelegate : Finished Spring Data repository scanning in 13 ms. Found 5 JPA repository interfaces.
2025-05-29T10:19:24.652+02:00  INFO 4972 --- [ERP-System] [restartedMain] o.s.b.w.embedded.tomcat.TomcatWebServer  : Tomcat initialized with port 8080 (http)
2025-05-29T10:19:24.654+02:00  INFO 4972 --- [ERP-System] [restartedMain] o.apache.catalina.core.StandardService   : Starting service [Tomcat]
2025-05-29T10:19:24.654+02:00  INFO 4972 --- [ERP-System] [restartedMain] o.apache.catalina.core.StandardEngine    : Starting Servlet engine: [Apache Tomcat/10.1.41]
2025-05-29T10:19:24.710+02:00  INFO 4972 --- [ERP-System] [restartedMain] o.a.c.c.C.[Tomcat].[localhost].[/]       : Initializing Spring embedded WebApplicationContext
2025-05-29T10:19:24.710+02:00  INFO 4972 --- [ERP-System] [restartedMain] w.s.c.ServletWebServerApplicationContext : Root WebApplicationContext: initialization completed in 328 ms
2025-05-29T10:19:24.740+02:00  INFO 4972 --- [ERP-System] [restartedMain] o.hibernate.jpa.internal.util.LogHelper  : HHH000204: Processing PersistenceUnitInfo [name: default]
2025-05-29T10:19:24.741+02:00  INFO 4972 --- [ERP-System] [restartedMain] o.h.c.internal.RegionFactoryInitiator    : HHH000026: Second-level cache disabled
2025-05-29T10:19:24.746+02:00  INFO 4972 --- [ERP-System] [restartedMain] o.s.o.j.p.SpringPersistenceUnitInfo      : No LoadTimeWeaver setup: ignoring JPA class transformer
2025-05-29T10:19:24.746+02:00  INFO 4972 --- [ERP-System] [restartedMain] com.zaxxer.hikari.HikariDataSource       : HikariPool-7 - Starting...
2025-05-29T10:19:24.781+02:00  INFO 4972 --- [ERP-System] [restartedMain] com.zaxxer.hikari.pool.HikariPool        : HikariPool-7 - Added connection org.postgresql.jdbc.PgConnection@4dd0d325
2025-05-29T10:19:24.781+02:00  INFO 4972 --- [ERP-System] [restartedMain] com.zaxxer.hikari.HikariDataSource       : HikariPool-7 - Start completed.
2025-05-29T10:19:24.787+02:00  WARN 4972 --- [ERP-System] [restartedMain] org.hibernate.orm.deprecation            : HHH90000025: PostgreSQLDialect does not need to be specified explicitly using 'hibernate.dialect' (remove the property setting and it will be selected by default)
2025-05-29T10:19:24.788+02:00  INFO 4972 --- [ERP-System] [restartedMain] org.hibernate.orm.connections.pooling    : HHH10001005: Database info:
	Database JDBC URL [Connecting through datasource 'HikariDataSource (HikariPool-7)']
	Database driver: undefined/unknown
	Database version: 16.4
	Autocommit mode: undefined/unknown
	Isolation level: undefined/unknown
	Minimum pool size: undefined/unknown
	Maximum pool size: undefined/unknown
2025-05-29T10:19:24.877+02:00  INFO 4972 --- [ERP-System] [restartedMain] o.h.e.t.j.p.i.JtaPlatformInitiator       : HHH000489: No JTA platform available (set 'hibernate.transaction.jta.platform' to enable JTA platform integration)
2025-05-29T10:19:25.116+02:00  INFO 4972 --- [ERP-System] [restartedMain] j.LocalContainerEntityManagerFactoryBean : Initialized JPA EntityManagerFactory for persistence unit 'default'
2025-05-29T10:19:25.192+02:00  INFO 4972 --- [ERP-System] [restartedMain] eAuthenticationProviderManagerConfigurer : Global AuthenticationManager configured with AuthenticationProvider bean with name authenticationProvider
2025-05-29T10:19:25.192+02:00  WARN 4972 --- [ERP-System] [restartedMain] r$InitializeUserDetailsManagerConfigurer : Global AuthenticationManager configured with an AuthenticationProvider bean. UserDetailsService beans will not be used by Spring Security for automatically configuring username/password login. Consider removing the AuthenticationProvider bean. Alternatively, consider using the UserDetailsService in a manually instantiated DaoAuthenticationProvider. If the current configuration is intentional, to turn off this warning, increase the logging level of 'org.springframework.security.config.annotation.authentication.configuration.InitializeUserDetailsBeanManagerConfigurer' to ERROR
2025-05-29T10:19:25.565+02:00  INFO 4972 --- [ERP-System] [restartedMain] o.s.b.d.a.OptionalLiveReloadServer       : LiveReload server is running on port 35729
2025-05-29T10:19:25.573+02:00  INFO 4972 --- [ERP-System] [restartedMain] o.s.b.w.embedded.tomcat.TomcatWebServer  : Tomcat started on port 8080 (http) with context path '/'
2025-05-29T10:19:25.575+02:00  INFO 4972 --- [ERP-System] [restartedMain] com.backup.BackupApplication             : Started BackupApplication in 1.211 seconds (process running for 1685.365)
2025-05-29T10:19:25.576+02:00  INFO 4972 --- [ERP-System] [restartedMain] com.backup.config.SwaggerUrlLogger       : 
----------------------------------------------------------
	Swagger UI is available at: 
	Local: 		http://localhost:8080/swagger-ui.html
	External: 	http://192.168.1.101:8080/swagger-ui.html
----------------------------------------------------------
2025-05-29T10:19:25.577+02:00  INFO 4972 --- [ERP-System] [restartedMain] .ConditionEvaluationDeltaLoggingListener : Condition evaluation unchanged
2025-05-29T10:19:27.023+02:00  INFO 4972 --- [ERP-System] [File Watcher] rtingClassPathChangeChangedEventListener : Restarting due to 1 class path change (1 addition, 0 deletions, 0 modifications)
2025-05-29T10:19:27.025+02:00  INFO 4972 --- [ERP-System] [Thread-27] o.s.b.w.e.tomcat.GracefulShutdown        : Commencing graceful shutdown. Waiting for active requests to complete
2025-05-29T10:19:27.036+02:00  INFO 4972 --- [ERP-System] [tomcat-shutdown] o.s.b.w.e.tomcat.GracefulShutdown        : Graceful shutdown complete
2025-05-29T10:19:27.039+02:00  INFO 4972 --- [ERP-System] [Thread-27] j.LocalContainerEntityManagerFactoryBean : Closing JPA EntityManagerFactory for persistence unit 'default'
2025-05-29T10:19:27.039+02:00  INFO 4972 --- [ERP-System] [Thread-27] com.zaxxer.hikari.HikariDataSource       : HikariPool-7 - Shutdown initiated...
2025-05-29T10:19:27.040+02:00  INFO 4972 --- [ERP-System] [Thread-27] com.zaxxer.hikari.HikariDataSource       : HikariPool-7 - Shutdown completed.
2025-05-29T10:19:27.099+02:00  INFO 4972 --- [ERP-System] [restartedMain] com.backup.BackupApplication             : Starting BackupApplication using Java 21 with PID 4972 (C:\Users\admin\Desktop\Java\Backup\target\classes started by admin in C:\Users\admin\Desktop\Java\Backup)
2025-05-29T10:19:27.099+02:00  INFO 4972 --- [ERP-System] [restartedMain] com.backup.BackupApplication             : No active profile set, falling back to 1 default profile: "default"
2025-05-29T10:19:27.199+02:00  INFO 4972 --- [ERP-System] [restartedMain] .s.d.r.c.RepositoryConfigurationDelegate : Bootstrapping Spring Data JPA repositories in DEFAULT mode.
2025-05-29T10:19:27.212+02:00  INFO 4972 --- [ERP-System] [restartedMain] .s.d.r.c.RepositoryConfigurationDelegate : Finished Spring Data repository scanning in 12 ms. Found 5 JPA repository interfaces.
2025-05-29T10:19:27.273+02:00  INFO 4972 --- [ERP-System] [restartedMain] o.s.b.w.embedded.tomcat.TomcatWebServer  : Tomcat initialized with port 8080 (http)
2025-05-29T10:19:27.274+02:00  INFO 4972 --- [ERP-System] [restartedMain] o.apache.catalina.core.StandardService   : Starting service [Tomcat]
2025-05-29T10:19:27.274+02:00  INFO 4972 --- [ERP-System] [restartedMain] o.apache.catalina.core.StandardEngine    : Starting Servlet engine: [Apache Tomcat/10.1.41]
2025-05-29T10:19:27.323+02:00  INFO 4972 --- [ERP-System] [restartedMain] o.a.c.c.C.[Tomcat].[localhost].[/]       : Initializing Spring embedded WebApplicationContext
2025-05-29T10:19:27.323+02:00  INFO 4972 --- [ERP-System] [restartedMain] w.s.c.ServletWebServerApplicationContext : Root WebApplicationContext: initialization completed in 223 ms
2025-05-29T10:19:27.344+02:00  INFO 4972 --- [ERP-System] [restartedMain] o.hibernate.jpa.internal.util.LogHelper  : HHH000204: Processing PersistenceUnitInfo [name: default]
2025-05-29T10:19:27.346+02:00  INFO 4972 --- [ERP-System] [restartedMain] o.h.c.internal.RegionFactoryInitiator    : HHH000026: Second-level cache disabled
2025-05-29T10:19:27.350+02:00  INFO 4972 --- [ERP-System] [restartedMain] o.s.o.j.p.SpringPersistenceUnitInfo      : No LoadTimeWeaver setup: ignoring JPA class transformer
2025-05-29T10:19:27.351+02:00  INFO 4972 --- [ERP-System] [restartedMain] com.zaxxer.hikari.HikariDataSource       : HikariPool-8 - Starting...
2025-05-29T10:19:27.377+02:00  INFO 4972 --- [ERP-System] [restartedMain] com.zaxxer.hikari.pool.HikariPool        : HikariPool-8 - Added connection org.postgresql.jdbc.PgConnection@637dc7ce
2025-05-29T10:19:27.377+02:00  INFO 4972 --- [ERP-System] [restartedMain] com.zaxxer.hikari.HikariDataSource       : HikariPool-8 - Start completed.
2025-05-29T10:19:27.382+02:00  WARN 4972 --- [ERP-System] [restartedMain] org.hibernate.orm.deprecation            : HHH90000025: PostgreSQLDialect does not need to be specified explicitly using 'hibernate.dialect' (remove the property setting and it will be selected by default)
2025-05-29T10:19:27.383+02:00  INFO 4972 --- [ERP-System] [restartedMain] org.hibernate.orm.connections.pooling    : HHH10001005: Database info:
	Database JDBC URL [Connecting through datasource 'HikariDataSource (HikariPool-8)']
	Database driver: undefined/unknown
	Database version: 16.4
	Autocommit mode: undefined/unknown
	Isolation level: undefined/unknown
	Minimum pool size: undefined/unknown
	Maximum pool size: undefined/unknown
2025-05-29T10:19:27.456+02:00  INFO 4972 --- [ERP-System] [restartedMain] o.h.e.t.j.p.i.JtaPlatformInitiator       : HHH000489: No JTA platform available (set 'hibernate.transaction.jta.platform' to enable JTA platform integration)
2025-05-29T10:19:27.714+02:00  INFO 4972 --- [ERP-System] [restartedMain] j.LocalContainerEntityManagerFactoryBean : Initialized JPA EntityManagerFactory for persistence unit 'default'
2025-05-29T10:19:27.920+02:00  INFO 4972 --- [ERP-System] [restartedMain] eAuthenticationProviderManagerConfigurer : Global AuthenticationManager configured with AuthenticationProvider bean with name authenticationProvider
2025-05-29T10:19:27.920+02:00  WARN 4972 --- [ERP-System] [restartedMain] r$InitializeUserDetailsManagerConfigurer : Global AuthenticationManager configured with an AuthenticationProvider bean. UserDetailsService beans will not be used by Spring Security for automatically configuring username/password login. Consider removing the AuthenticationProvider bean. Alternatively, consider using the UserDetailsService in a manually instantiated DaoAuthenticationProvider. If the current configuration is intentional, to turn off this warning, increase the logging level of 'org.springframework.security.config.annotation.authentication.configuration.InitializeUserDetailsBeanManagerConfigurer' to ERROR
2025-05-29T10:19:28.495+02:00  INFO 4972 --- [ERP-System] [restartedMain] o.s.b.d.a.OptionalLiveReloadServer       : LiveReload server is running on port 35729
2025-05-29T10:19:28.510+02:00  INFO 4972 --- [ERP-System] [restartedMain] o.s.b.w.embedded.tomcat.TomcatWebServer  : Tomcat started on port 8080 (http) with context path '/'
2025-05-29T10:19:28.514+02:00  INFO 4972 --- [ERP-System] [restartedMain] com.backup.BackupApplication             : Started BackupApplication in 1.429 seconds (process running for 1688.303)
2025-05-29T10:19:28.515+02:00  INFO 4972 --- [ERP-System] [restartedMain] com.backup.config.SwaggerUrlLogger       : 
----------------------------------------------------------
	Swagger UI is available at: 
	Local: 		http://localhost:8080/swagger-ui.html
	External: 	http://192.168.1.101:8080/swagger-ui.html
----------------------------------------------------------
2025-05-29T10:19:28.515+02:00  INFO 4972 --- [ERP-System] [restartedMain] .ConditionEvaluationDeltaLoggingListener : Condition evaluation unchanged
2025-05-29T10:20:47.845+02:00  INFO 4972 --- [ERP-System] [http-nio-8080-exec-1] o.a.c.c.C.[Tomcat].[localhost].[/]       : Initializing Spring DispatcherServlet 'dispatcherServlet'
2025-05-29T10:20:47.845+02:00  INFO 4972 --- [ERP-System] [http-nio-8080-exec-1] o.s.web.servlet.DispatcherServlet        : Initializing Servlet 'dispatcherServlet'
2025-05-29T10:20:47.849+02:00  INFO 4972 --- [ERP-System] [http-nio-8080-exec-1] o.s.web.servlet.DispatcherServlet        : Completed initialization in 4 ms
2025-05-29T10:25:27.734+02:00  INFO 4972 --- [ERP-System] [File Watcher] rtingClassPathChangeChangedEventListener : Restarting due to 4 class path changes (0 additions, 0 deletions, 4 modifications)
2025-05-29T10:25:27.735+02:00  INFO 4972 --- [ERP-System] [Thread-31] o.s.b.w.e.tomcat.GracefulShutdown        : Commencing graceful shutdown. Waiting for active requests to complete
2025-05-29T10:25:27.744+02:00  INFO 4972 --- [ERP-System] [tomcat-shutdown] o.s.b.w.e.tomcat.GracefulShutdown        : Graceful shutdown complete
2025-05-29T10:25:27.746+02:00  INFO 4972 --- [ERP-System] [Thread-31] j.LocalContainerEntityManagerFactoryBean : Closing JPA EntityManagerFactory for persistence unit 'default'
2025-05-29T10:25:27.746+02:00  INFO 4972 --- [ERP-System] [Thread-31] com.zaxxer.hikari.HikariDataSource       : HikariPool-8 - Shutdown initiated...
2025-05-29T10:25:27.747+02:00  INFO 4972 --- [ERP-System] [Thread-31] com.zaxxer.hikari.HikariDataSource       : HikariPool-8 - Shutdown completed.
2025-05-29T10:25:27.813+02:00  INFO 4972 --- [ERP-System] [restartedMain] com.backup.BackupApplication             : Starting BackupApplication using Java 21 with PID 4972 (C:\Users\admin\Desktop\Java\Backup\target\classes started by admin in C:\Users\admin\Desktop\Java\Backup)
2025-05-29T10:25:27.813+02:00  INFO 4972 --- [ERP-System] [restartedMain] com.backup.BackupApplication             : No active profile set, falling back to 1 default profile: "default"
2025-05-29T10:25:27.923+02:00  INFO 4972 --- [ERP-System] [restartedMain] .s.d.r.c.RepositoryConfigurationDelegate : Bootstrapping Spring Data JPA repositories in DEFAULT mode.
2025-05-29T10:25:27.934+02:00  INFO 4972 --- [ERP-System] [restartedMain] .s.d.r.c.RepositoryConfigurationDelegate : Finished Spring Data repository scanning in 10 ms. Found 5 JPA repository interfaces.
2025-05-29T10:25:27.995+02:00  INFO 4972 --- [ERP-System] [restartedMain] o.s.b.w.embedded.tomcat.TomcatWebServer  : Tomcat initialized with port 8080 (http)
2025-05-29T10:25:27.995+02:00  INFO 4972 --- [ERP-System] [restartedMain] o.apache.catalina.core.StandardService   : Starting service [Tomcat]
2025-05-29T10:25:27.995+02:00  INFO 4972 --- [ERP-System] [restartedMain] o.apache.catalina.core.StandardEngine    : Starting Servlet engine: [Apache Tomcat/10.1.41]
2025-05-29T10:25:28.006+02:00  INFO 4972 --- [ERP-System] [restartedMain] o.a.c.c.C.[Tomcat].[localhost].[/]       : Initializing Spring embedded WebApplicationContext
2025-05-29T10:25:28.006+02:00  INFO 4972 --- [ERP-System] [restartedMain] w.s.c.ServletWebServerApplicationContext : Root WebApplicationContext: initialization completed in 192 ms
2025-05-29T10:25:28.029+02:00  INFO 4972 --- [ERP-System] [restartedMain] o.hibernate.jpa.internal.util.LogHelper  : HHH000204: Processing PersistenceUnitInfo [name: default]
2025-05-29T10:25:28.030+02:00  INFO 4972 --- [ERP-System] [restartedMain] o.h.c.internal.RegionFactoryInitiator    : HHH000026: Second-level cache disabled
2025-05-29T10:25:28.034+02:00  INFO 4972 --- [ERP-System] [restartedMain] o.s.o.j.p.SpringPersistenceUnitInfo      : No LoadTimeWeaver setup: ignoring JPA class transformer
2025-05-29T10:25:28.035+02:00  INFO 4972 --- [ERP-System] [restartedMain] com.zaxxer.hikari.HikariDataSource       : HikariPool-9 - Starting...
2025-05-29T10:25:28.066+02:00  INFO 4972 --- [ERP-System] [restartedMain] com.zaxxer.hikari.pool.HikariPool        : HikariPool-9 - Added connection org.postgresql.jdbc.PgConnection@463246a8
2025-05-29T10:25:28.067+02:00  INFO 4972 --- [ERP-System] [restartedMain] com.zaxxer.hikari.HikariDataSource       : HikariPool-9 - Start completed.
2025-05-29T10:25:28.072+02:00  WARN 4972 --- [ERP-System] [restartedMain] org.hibernate.orm.deprecation            : HHH90000025: PostgreSQLDialect does not need to be specified explicitly using 'hibernate.dialect' (remove the property setting and it will be selected by default)
2025-05-29T10:25:28.073+02:00  INFO 4972 --- [ERP-System] [restartedMain] org.hibernate.orm.connections.pooling    : HHH10001005: Database info:
	Database JDBC URL [Connecting through datasource 'HikariDataSource (HikariPool-9)']
	Database driver: undefined/unknown
	Database version: 16.4
	Autocommit mode: undefined/unknown
	Isolation level: undefined/unknown
	Minimum pool size: undefined/unknown
	Maximum pool size: undefined/unknown
2025-05-29T10:25:28.153+02:00  INFO 4972 --- [ERP-System] [restartedMain] o.h.e.t.j.p.i.JtaPlatformInitiator       : HHH000489: No JTA platform available (set 'hibernate.transaction.jta.platform' to enable JTA platform integration)
2025-05-29T10:25:28.354+02:00  INFO 4972 --- [ERP-System] [restartedMain] j.LocalContainerEntityManagerFactoryBean : Initialized JPA EntityManagerFactory for persistence unit 'default'
2025-05-29T10:25:28.418+02:00  INFO 4972 --- [ERP-System] [restartedMain] eAuthenticationProviderManagerConfigurer : Global AuthenticationManager configured with AuthenticationProvider bean with name authenticationProvider
2025-05-29T10:25:28.418+02:00  WARN 4972 --- [ERP-System] [restartedMain] r$InitializeUserDetailsManagerConfigurer : Global AuthenticationManager configured with an AuthenticationProvider bean. UserDetailsService beans will not be used by Spring Security for automatically configuring username/password login. Consider removing the AuthenticationProvider bean. Alternatively, consider using the UserDetailsService in a manually instantiated DaoAuthenticationProvider. If the current configuration is intentional, to turn off this warning, increase the logging level of 'org.springframework.security.config.annotation.authentication.configuration.InitializeUserDetailsBeanManagerConfigurer' to ERROR
2025-05-29T10:25:28.714+02:00  INFO 4972 --- [ERP-System] [restartedMain] o.s.b.d.a.OptionalLiveReloadServer       : LiveReload server is running on port 35729
2025-05-29T10:25:28.724+02:00  INFO 4972 --- [ERP-System] [restartedMain] o.s.b.w.embedded.tomcat.TomcatWebServer  : Tomcat started on port 8080 (http) with context path '/'
2025-05-29T10:25:28.727+02:00  INFO 4972 --- [ERP-System] [restartedMain] com.backup.BackupApplication             : Started BackupApplication in 0.926 seconds (process running for 2048.517)
2025-05-29T10:25:28.729+02:00  INFO 4972 --- [ERP-System] [restartedMain] com.backup.config.SwaggerUrlLogger       : 
----------------------------------------------------------
	Swagger UI is available at: 
	Local: 		http://localhost:8080/swagger-ui.html
	External: 	http://192.168.1.101:8080/swagger-ui.html
----------------------------------------------------------
2025-05-29T10:25:28.730+02:00  INFO 4972 --- [ERP-System] [restartedMain] .ConditionEvaluationDeltaLoggingListener : Condition evaluation unchanged
2025-05-29T10:27:18.604+02:00  INFO 4972 --- [ERP-System] [File Watcher] rtingClassPathChangeChangedEventListener : Restarting due to 1 class path change (0 additions, 1 deletion, 0 modifications)
2025-05-29T10:27:18.605+02:00  INFO 4972 --- [ERP-System] [Thread-35] o.s.b.w.e.tomcat.GracefulShutdown        : Commencing graceful shutdown. Waiting for active requests to complete
2025-05-29T10:27:18.615+02:00  INFO 4972 --- [ERP-System] [tomcat-shutdown] o.s.b.w.e.tomcat.GracefulShutdown        : Graceful shutdown complete
2025-05-29T10:27:18.617+02:00  INFO 4972 --- [ERP-System] [Thread-35] j.LocalContainerEntityManagerFactoryBean : Closing JPA EntityManagerFactory for persistence unit 'default'
2025-05-29T10:27:18.617+02:00  INFO 4972 --- [ERP-System] [Thread-35] com.zaxxer.hikari.HikariDataSource       : HikariPool-9 - Shutdown initiated...
2025-05-29T10:27:18.619+02:00  INFO 4972 --- [ERP-System] [Thread-35] com.zaxxer.hikari.HikariDataSource       : HikariPool-9 - Shutdown completed.
2025-05-29T10:27:18.684+02:00  INFO 4972 --- [ERP-System] [restartedMain] com.backup.BackupApplication             : Starting BackupApplication using Java 21 with PID 4972 (C:\Users\admin\Desktop\Java\Backup\target\classes started by admin in C:\Users\admin\Desktop\Java\Backup)
2025-05-29T10:27:18.684+02:00  INFO 4972 --- [ERP-System] [restartedMain] com.backup.BackupApplication             : No active profile set, falling back to 1 default profile: "default"
2025-05-29T10:27:18.830+02:00  INFO 4972 --- [ERP-System] [restartedMain] .s.d.r.c.RepositoryConfigurationDelegate : Bootstrapping Spring Data JPA repositories in DEFAULT mode.
2025-05-29T10:27:18.842+02:00  INFO 4972 --- [ERP-System] [restartedMain] .s.d.r.c.RepositoryConfigurationDelegate : Finished Spring Data repository scanning in 10 ms. Found 5 JPA repository interfaces.
2025-05-29T10:27:18.903+02:00  INFO 4972 --- [ERP-System] [restartedMain] o.s.b.w.embedded.tomcat.TomcatWebServer  : Tomcat initialized with port 8080 (http)
2025-05-29T10:27:18.904+02:00  INFO 4972 --- [ERP-System] [restartedMain] o.apache.catalina.core.StandardService   : Starting service [Tomcat]
2025-05-29T10:27:18.904+02:00  INFO 4972 --- [ERP-System] [restartedMain] o.apache.catalina.core.StandardEngine    : Starting Servlet engine: [Apache Tomcat/10.1.41]
2025-05-29T10:27:18.955+02:00  INFO 4972 --- [ERP-System] [restartedMain] o.a.c.c.C.[Tomcat].[localhost].[/]       : Initializing Spring embedded WebApplicationContext
2025-05-29T10:27:18.955+02:00  INFO 4972 --- [ERP-System] [restartedMain] w.s.c.ServletWebServerApplicationContext : Root WebApplicationContext: initialization completed in 269 ms
2025-05-29T10:27:18.978+02:00  INFO 4972 --- [ERP-System] [restartedMain] o.hibernate.jpa.internal.util.LogHelper  : HHH000204: Processing PersistenceUnitInfo [name: default]
2025-05-29T10:27:18.980+02:00  INFO 4972 --- [ERP-System] [restartedMain] o.h.c.internal.RegionFactoryInitiator    : HHH000026: Second-level cache disabled
2025-05-29T10:27:18.983+02:00  INFO 4972 --- [ERP-System] [restartedMain] o.s.o.j.p.SpringPersistenceUnitInfo      : No LoadTimeWeaver setup: ignoring JPA class transformer
2025-05-29T10:27:18.983+02:00  INFO 4972 --- [ERP-System] [restartedMain] com.zaxxer.hikari.HikariDataSource       : HikariPool-10 - Starting...
2025-05-29T10:27:19.009+02:00  INFO 4972 --- [ERP-System] [restartedMain] com.zaxxer.hikari.pool.HikariPool        : HikariPool-10 - Added connection org.postgresql.jdbc.PgConnection@69f85308
2025-05-29T10:27:19.009+02:00  INFO 4972 --- [ERP-System] [restartedMain] com.zaxxer.hikari.HikariDataSource       : HikariPool-10 - Start completed.
2025-05-29T10:27:19.014+02:00  WARN 4972 --- [ERP-System] [restartedMain] org.hibernate.orm.deprecation            : HHH90000025: PostgreSQLDialect does not need to be specified explicitly using 'hibernate.dialect' (remove the property setting and it will be selected by default)
2025-05-29T10:27:19.015+02:00  INFO 4972 --- [ERP-System] [restartedMain] org.hibernate.orm.connections.pooling    : HHH10001005: Database info:
	Database JDBC URL [Connecting through datasource 'HikariDataSource (HikariPool-10)']
	Database driver: undefined/unknown
	Database version: 16.4
	Autocommit mode: undefined/unknown
	Isolation level: undefined/unknown
	Minimum pool size: undefined/unknown
	Maximum pool size: undefined/unknown
2025-05-29T10:27:19.100+02:00  INFO 4972 --- [ERP-System] [restartedMain] o.h.e.t.j.p.i.JtaPlatformInitiator       : HHH000489: No JTA platform available (set 'hibernate.transaction.jta.platform' to enable JTA platform integration)
2025-05-29T10:27:19.293+02:00  INFO 4972 --- [ERP-System] [restartedMain] j.LocalContainerEntityManagerFactoryBean : Initialized JPA EntityManagerFactory for persistence unit 'default'
2025-05-29T10:27:19.377+02:00  INFO 4972 --- [ERP-System] [restartedMain] eAuthenticationProviderManagerConfigurer : Global AuthenticationManager configured with AuthenticationProvider bean with name authenticationProvider
2025-05-29T10:27:19.378+02:00  WARN 4972 --- [ERP-System] [restartedMain] r$InitializeUserDetailsManagerConfigurer : Global AuthenticationManager configured with an AuthenticationProvider bean. UserDetailsService beans will not be used by Spring Security for automatically configuring username/password login. Consider removing the AuthenticationProvider bean. Alternatively, consider using the UserDetailsService in a manually instantiated DaoAuthenticationProvider. If the current configuration is intentional, to turn off this warning, increase the logging level of 'org.springframework.security.config.annotation.authentication.configuration.InitializeUserDetailsBeanManagerConfigurer' to ERROR
2025-05-29T10:27:19.702+02:00  INFO 4972 --- [ERP-System] [restartedMain] o.s.b.d.a.OptionalLiveReloadServer       : LiveReload server is running on port 35729
2025-05-29T10:27:19.711+02:00  INFO 4972 --- [ERP-System] [restartedMain] o.s.b.w.embedded.tomcat.TomcatWebServer  : Tomcat started on port 8080 (http) with context path '/'
2025-05-29T10:27:19.713+02:00  INFO 4972 --- [ERP-System] [restartedMain] com.backup.BackupApplication             : Started BackupApplication in 1.045 seconds (process running for 2159.502)
2025-05-29T10:27:19.714+02:00  INFO 4972 --- [ERP-System] [restartedMain] com.backup.config.SwaggerUrlLogger       : 
----------------------------------------------------------
	Swagger UI is available at: 
	Local: 		http://localhost:8080/swagger-ui.html
	External: 	http://192.168.1.101:8080/swagger-ui.html
----------------------------------------------------------
2025-05-29T10:27:19.716+02:00  INFO 4972 --- [ERP-System] [restartedMain] .ConditionEvaluationDeltaLoggingListener : Condition evaluation unchanged
2025-05-29T10:27:21.135+02:00  INFO 4972 --- [ERP-System] [File Watcher] rtingClassPathChangeChangedEventListener : Restarting due to 1 class path change (1 addition, 0 deletions, 0 modifications)
2025-05-29T10:27:21.137+02:00  INFO 4972 --- [ERP-System] [Thread-39] o.s.b.w.e.tomcat.GracefulShutdown        : Commencing graceful shutdown. Waiting for active requests to complete
2025-05-29T10:27:21.147+02:00  INFO 4972 --- [ERP-System] [tomcat-shutdown] o.s.b.w.e.tomcat.GracefulShutdown        : Graceful shutdown complete
2025-05-29T10:27:21.149+02:00  INFO 4972 --- [ERP-System] [Thread-39] j.LocalContainerEntityManagerFactoryBean : Closing JPA EntityManagerFactory for persistence unit 'default'
2025-05-29T10:27:21.150+02:00  INFO 4972 --- [ERP-System] [Thread-39] com.zaxxer.hikari.HikariDataSource       : HikariPool-10 - Shutdown initiated...
2025-05-29T10:27:21.150+02:00  INFO 4972 --- [ERP-System] [Thread-39] com.zaxxer.hikari.HikariDataSource       : HikariPool-10 - Shutdown completed.
2025-05-29T10:27:21.209+02:00  INFO 4972 --- [ERP-System] [restartedMain] com.backup.BackupApplication             : Starting BackupApplication using Java 21 with PID 4972 (C:\Users\admin\Desktop\Java\Backup\target\classes started by admin in C:\Users\admin\Desktop\Java\Backup)
2025-05-29T10:27:21.209+02:00  INFO 4972 --- [ERP-System] [restartedMain] com.backup.BackupApplication             : No active profile set, falling back to 1 default profile: "default"
2025-05-29T10:27:21.313+02:00  INFO 4972 --- [ERP-System] [restartedMain] .s.d.r.c.RepositoryConfigurationDelegate : Bootstrapping Spring Data JPA repositories in DEFAULT mode.
2025-05-29T10:27:21.324+02:00  INFO 4972 --- [ERP-System] [restartedMain] .s.d.r.c.RepositoryConfigurationDelegate : Finished Spring Data repository scanning in 10 ms. Found 5 JPA repository interfaces.
2025-05-29T10:27:21.383+02:00  INFO 4972 --- [ERP-System] [restartedMain] o.s.b.w.embedded.tomcat.TomcatWebServer  : Tomcat initialized with port 8080 (http)
2025-05-29T10:27:21.384+02:00  INFO 4972 --- [ERP-System] [restartedMain] o.apache.catalina.core.StandardService   : Starting service [Tomcat]
2025-05-29T10:27:21.384+02:00  INFO 4972 --- [ERP-System] [restartedMain] o.apache.catalina.core.StandardEngine    : Starting Servlet engine: [Apache Tomcat/10.1.41]
2025-05-29T10:27:21.392+02:00  INFO 4972 --- [ERP-System] [restartedMain] o.a.c.c.C.[Tomcat].[localhost].[/]       : Initializing Spring embedded WebApplicationContext
2025-05-29T10:27:21.392+02:00  INFO 4972 --- [ERP-System] [restartedMain] w.s.c.ServletWebServerApplicationContext : Root WebApplicationContext: initialization completed in 182 ms
2025-05-29T10:27:21.414+02:00  INFO 4972 --- [ERP-System] [restartedMain] o.hibernate.jpa.internal.util.LogHelper  : HHH000204: Processing PersistenceUnitInfo [name: default]
2025-05-29T10:27:21.415+02:00  INFO 4972 --- [ERP-System] [restartedMain] o.h.c.internal.RegionFactoryInitiator    : HHH000026: Second-level cache disabled
2025-05-29T10:27:21.418+02:00  INFO 4972 --- [ERP-System] [restartedMain] o.s.o.j.p.SpringPersistenceUnitInfo      : No LoadTimeWeaver setup: ignoring JPA class transformer
2025-05-29T10:27:21.419+02:00  INFO 4972 --- [ERP-System] [restartedMain] com.zaxxer.hikari.HikariDataSource       : HikariPool-11 - Starting...
2025-05-29T10:27:21.445+02:00  INFO 4972 --- [ERP-System] [restartedMain] com.zaxxer.hikari.pool.HikariPool        : HikariPool-11 - Added connection org.postgresql.jdbc.PgConnection@660c179f
2025-05-29T10:27:21.445+02:00  INFO 4972 --- [ERP-System] [restartedMain] com.zaxxer.hikari.HikariDataSource       : HikariPool-11 - Start completed.
2025-05-29T10:27:21.450+02:00  WARN 4972 --- [ERP-System] [restartedMain] org.hibernate.orm.deprecation            : HHH90000025: PostgreSQLDialect does not need to be specified explicitly using 'hibernate.dialect' (remove the property setting and it will be selected by default)
2025-05-29T10:27:21.450+02:00  INFO 4972 --- [ERP-System] [restartedMain] org.hibernate.orm.connections.pooling    : HHH10001005: Database info:
	Database JDBC URL [Connecting through datasource 'HikariDataSource (HikariPool-11)']
	Database driver: undefined/unknown
	Database version: 16.4
	Autocommit mode: undefined/unknown
	Isolation level: undefined/unknown
	Minimum pool size: undefined/unknown
	Maximum pool size: undefined/unknown
2025-05-29T10:27:21.520+02:00  INFO 4972 --- [ERP-System] [restartedMain] o.h.e.t.j.p.i.JtaPlatformInitiator       : HHH000489: No JTA platform available (set 'hibernate.transaction.jta.platform' to enable JTA platform integration)
2025-05-29T10:27:21.698+02:00  INFO 4972 --- [ERP-System] [restartedMain] j.LocalContainerEntityManagerFactoryBean : Initialized JPA EntityManagerFactory for persistence unit 'default'
2025-05-29T10:27:21.760+02:00  INFO 4972 --- [ERP-System] [restartedMain] eAuthenticationProviderManagerConfigurer : Global AuthenticationManager configured with AuthenticationProvider bean with name authenticationProvider
2025-05-29T10:27:21.760+02:00  WARN 4972 --- [ERP-System] [restartedMain] r$InitializeUserDetailsManagerConfigurer : Global AuthenticationManager configured with an AuthenticationProvider bean. UserDetailsService beans will not be used by Spring Security for automatically configuring username/password login. Consider removing the AuthenticationProvider bean. Alternatively, consider using the UserDetailsService in a manually instantiated DaoAuthenticationProvider. If the current configuration is intentional, to turn off this warning, increase the logging level of 'org.springframework.security.config.annotation.authentication.configuration.InitializeUserDetailsBeanManagerConfigurer' to ERROR
2025-05-29T10:27:22.016+02:00  INFO 4972 --- [ERP-System] [restartedMain] o.s.b.d.a.OptionalLiveReloadServer       : LiveReload server is running on port 35729
2025-05-29T10:27:22.029+02:00  INFO 4972 --- [ERP-System] [restartedMain] o.s.b.w.embedded.tomcat.TomcatWebServer  : Tomcat started on port 8080 (http) with context path '/'
2025-05-29T10:27:22.031+02:00  INFO 4972 --- [ERP-System] [restartedMain] com.backup.BackupApplication             : Started BackupApplication in 0.834 seconds (process running for 2161.82)
2025-05-29T10:27:22.031+02:00  INFO 4972 --- [ERP-System] [restartedMain] com.backup.config.SwaggerUrlLogger       : 
----------------------------------------------------------
	Swagger UI is available at: 
	Local: 		http://localhost:8080/swagger-ui.html
	External: 	http://192.168.1.101:8080/swagger-ui.html
----------------------------------------------------------
2025-05-29T10:27:22.032+02:00  INFO 4972 --- [ERP-System] [restartedMain] .ConditionEvaluationDeltaLoggingListener : Condition evaluation unchanged
2025-05-29T10:35:11.975+02:00  INFO 4972 --- [ERP-System] [http-nio-8080-exec-1] o.a.c.c.C.[Tomcat].[localhost].[/]       : Initializing Spring DispatcherServlet 'dispatcherServlet'
2025-05-29T10:35:11.975+02:00  INFO 4972 --- [ERP-System] [http-nio-8080-exec-1] o.s.web.servlet.DispatcherServlet        : Initializing Servlet 'dispatcherServlet'
2025-05-29T10:35:11.975+02:00  INFO 4972 --- [ERP-System] [http-nio-8080-exec-1] o.s.web.servlet.DispatcherServlet        : Completed initialization in 0 ms
2025-05-29T10:44:36.254+02:00  INFO 4972 --- [ERP-System] [File Watcher] rtingClassPathChangeChangedEventListener : Restarting due to 3 class path changes (0 additions, 3 deletions, 0 modifications)
2025-05-29T10:44:36.254+02:00  INFO 4972 --- [ERP-System] [Thread-43] o.s.b.w.e.tomcat.GracefulShutdown        : Commencing graceful shutdown. Waiting for active requests to complete
2025-05-29T10:44:36.269+02:00  INFO 4972 --- [ERP-System] [tomcat-shutdown] o.s.b.w.e.tomcat.GracefulShutdown        : Graceful shutdown complete
2025-05-29T10:44:36.269+02:00  INFO 4972 --- [ERP-System] [Thread-43] j.LocalContainerEntityManagerFactoryBean : Closing JPA EntityManagerFactory for persistence unit 'default'
2025-05-29T10:44:36.269+02:00  INFO 4972 --- [ERP-System] [Thread-43] com.zaxxer.hikari.HikariDataSource       : HikariPool-11 - Shutdown initiated...
2025-05-29T10:44:36.269+02:00  INFO 4972 --- [ERP-System] [Thread-43] com.zaxxer.hikari.HikariDataSource       : HikariPool-11 - Shutdown completed.
2025-05-29T10:44:36.379+02:00  INFO 4972 --- [ERP-System] [restartedMain] com.backup.BackupApplication             : Starting BackupApplication using Java 21 with PID 4972 (C:\Users\admin\Desktop\Java\Backup\target\classes started by admin in C:\Users\admin\Desktop\Java\Backup)
2025-05-29T10:44:36.379+02:00  INFO 4972 --- [ERP-System] [restartedMain] com.backup.BackupApplication             : No active profile set, falling back to 1 default profile: "default"
2025-05-29T10:44:36.617+02:00  INFO 4972 --- [ERP-System] [restartedMain] .s.d.r.c.RepositoryConfigurationDelegate : Bootstrapping Spring Data JPA repositories in DEFAULT mode.
2025-05-29T10:44:36.631+02:00  INFO 4972 --- [ERP-System] [restartedMain] .s.d.r.c.RepositoryConfigurationDelegate : Finished Spring Data repository scanning in 18 ms. Found 5 JPA repository interfaces.
2025-05-29T10:44:36.766+02:00  INFO 4972 --- [ERP-System] [restartedMain] o.s.b.w.embedded.tomcat.TomcatWebServer  : Tomcat initialized with port 8080 (http)
2025-05-29T10:44:36.766+02:00  INFO 4972 --- [ERP-System] [restartedMain] o.apache.catalina.core.StandardService   : Starting service [Tomcat]
2025-05-29T10:44:36.766+02:00  INFO 4972 --- [ERP-System] [restartedMain] o.apache.catalina.core.StandardEngine    : Starting Servlet engine: [Apache Tomcat/10.1.41]
2025-05-29T10:44:36.772+02:00  INFO 4972 --- [ERP-System] [restartedMain] o.a.c.c.C.[Tomcat].[localhost].[/]       : Initializing Spring embedded WebApplicationContext
2025-05-29T10:44:36.772+02:00  INFO 4972 --- [ERP-System] [restartedMain] w.s.c.ServletWebServerApplicationContext : Root WebApplicationContext: initialization completed in 393 ms
2025-05-29T10:44:36.803+02:00  INFO 4972 --- [ERP-System] [restartedMain] o.hibernate.jpa.internal.util.LogHelper  : HHH000204: Processing PersistenceUnitInfo [name: default]
2025-05-29T10:44:36.803+02:00  INFO 4972 --- [ERP-System] [restartedMain] o.h.c.internal.RegionFactoryInitiator    : HHH000026: Second-level cache disabled
2025-05-29T10:44:36.817+02:00  INFO 4972 --- [ERP-System] [restartedMain] o.s.o.j.p.SpringPersistenceUnitInfo      : No LoadTimeWeaver setup: ignoring JPA class transformer
2025-05-29T10:44:36.817+02:00  INFO 4972 --- [ERP-System] [restartedMain] com.zaxxer.hikari.HikariDataSource       : HikariPool-12 - Starting...
2025-05-29T10:44:36.850+02:00  INFO 4972 --- [ERP-System] [restartedMain] com.zaxxer.hikari.pool.HikariPool        : HikariPool-12 - Added connection org.postgresql.jdbc.PgConnection@227ec8be
2025-05-29T10:44:36.850+02:00  INFO 4972 --- [ERP-System] [restartedMain] com.zaxxer.hikari.HikariDataSource       : HikariPool-12 - Start completed.
2025-05-29T10:44:36.850+02:00  WARN 4972 --- [ERP-System] [restartedMain] org.hibernate.orm.deprecation            : HHH90000025: PostgreSQLDialect does not need to be specified explicitly using 'hibernate.dialect' (remove the property setting and it will be selected by default)
2025-05-29T10:44:36.850+02:00  INFO 4972 --- [ERP-System] [restartedMain] org.hibernate.orm.connections.pooling    : HHH10001005: Database info:
	Database JDBC URL [Connecting through datasource 'HikariDataSource (HikariPool-12)']
	Database driver: undefined/unknown
	Database version: 16.4
	Autocommit mode: undefined/unknown
	Isolation level: undefined/unknown
	Minimum pool size: undefined/unknown
	Maximum pool size: undefined/unknown
2025-05-29T10:44:36.929+02:00  INFO 4972 --- [ERP-System] [restartedMain] o.h.e.t.j.p.i.JtaPlatformInitiator       : HHH000489: No JTA platform available (set 'hibernate.transaction.jta.platform' to enable JTA platform integration)
2025-05-29T10:44:37.161+02:00  INFO 4972 --- [ERP-System] [restartedMain] j.LocalContainerEntityManagerFactoryBean : Initialized JPA EntityManagerFactory for persistence unit 'default'
2025-05-29T10:44:37.294+02:00  INFO 4972 --- [ERP-System] [restartedMain] eAuthenticationProviderManagerConfigurer : Global AuthenticationManager configured with AuthenticationProvider bean with name authenticationProvider
2025-05-29T10:44:37.294+02:00  WARN 4972 --- [ERP-System] [restartedMain] r$InitializeUserDetailsManagerConfigurer : Global AuthenticationManager configured with an AuthenticationProvider bean. UserDetailsService beans will not be used by Spring Security for automatically configuring username/password login. Consider removing the AuthenticationProvider bean. Alternatively, consider using the UserDetailsService in a manually instantiated DaoAuthenticationProvider. If the current configuration is intentional, to turn off this warning, increase the logging level of 'org.springframework.security.config.annotation.authentication.configuration.InitializeUserDetailsBeanManagerConfigurer' to ERROR
2025-05-29T10:44:37.627+02:00  INFO 4972 --- [ERP-System] [restartedMain] o.s.b.d.a.OptionalLiveReloadServer       : LiveReload server is running on port 35729
2025-05-29T10:44:37.627+02:00  INFO 4972 --- [ERP-System] [restartedMain] o.s.b.w.embedded.tomcat.TomcatWebServer  : Tomcat started on port 8080 (http) with context path '/'
2025-05-29T10:44:37.627+02:00  INFO 4972 --- [ERP-System] [restartedMain] com.backup.BackupApplication             : Started BackupApplication in 1.264 seconds (process running for 3197.431)
2025-05-29T10:44:37.643+02:00  INFO 4972 --- [ERP-System] [restartedMain] com.backup.config.SwaggerUrlLogger       : 
----------------------------------------------------------
	Swagger UI is available at: 
	Local: 		http://localhost:8080/swagger-ui.html
	External: 	http://192.168.1.101:8080/swagger-ui.html
----------------------------------------------------------
2025-05-29T10:44:37.643+02:00  INFO 4972 --- [ERP-System] [restartedMain] .ConditionEvaluationDeltaLoggingListener : Condition evaluation unchanged
2025-05-29T10:44:39.057+02:00  INFO 4972 --- [ERP-System] [File Watcher] rtingClassPathChangeChangedEventListener : Restarting due to 3 class path changes (3 additions, 0 deletions, 0 modifications)
2025-05-29T10:44:39.057+02:00  INFO 4972 --- [ERP-System] [Thread-47] o.s.b.w.e.tomcat.GracefulShutdown        : Commencing graceful shutdown. Waiting for active requests to complete
2025-05-29T10:44:39.057+02:00  INFO 4972 --- [ERP-System] [tomcat-shutdown] o.s.b.w.e.tomcat.GracefulShutdown        : Graceful shutdown complete
2025-05-29T10:44:39.073+02:00  INFO 4972 --- [ERP-System] [Thread-47] j.LocalContainerEntityManagerFactoryBean : Closing JPA EntityManagerFactory for persistence unit 'default'
2025-05-29T10:44:39.073+02:00  INFO 4972 --- [ERP-System] [Thread-47] com.zaxxer.hikari.HikariDataSource       : HikariPool-12 - Shutdown initiated...
2025-05-29T10:44:39.073+02:00  INFO 4972 --- [ERP-System] [Thread-47] com.zaxxer.hikari.HikariDataSource       : HikariPool-12 - Shutdown completed.
2025-05-29T10:44:39.277+02:00  INFO 4972 --- [ERP-System] [restartedMain] com.backup.BackupApplication             : Starting BackupApplication using Java 21 with PID 4972 (C:\Users\admin\Desktop\Java\Backup\target\classes started by admin in C:\Users\admin\Desktop\Java\Backup)
2025-05-29T10:44:39.278+02:00  INFO 4972 --- [ERP-System] [restartedMain] com.backup.BackupApplication             : No active profile set, falling back to 1 default profile: "default"
2025-05-29T10:44:39.564+02:00  INFO 4972 --- [ERP-System] [restartedMain] .s.d.r.c.RepositoryConfigurationDelegate : Bootstrapping Spring Data JPA repositories in DEFAULT mode.
2025-05-29T10:44:39.604+02:00  INFO 4972 --- [ERP-System] [restartedMain] .s.d.r.c.RepositoryConfigurationDelegate : Finished Spring Data repository scanning in 25 ms. Found 5 JPA repository interfaces.
2025-05-29T10:44:39.713+02:00  INFO 4972 --- [ERP-System] [restartedMain] o.s.b.w.embedded.tomcat.TomcatWebServer  : Tomcat initialized with port 8080 (http)
2025-05-29T10:44:39.714+02:00  INFO 4972 --- [ERP-System] [restartedMain] o.apache.catalina.core.StandardService   : Starting service [Tomcat]
2025-05-29T10:44:39.714+02:00  INFO 4972 --- [ERP-System] [restartedMain] o.apache.catalina.core.StandardEngine    : Starting Servlet engine: [Apache Tomcat/10.1.41]
2025-05-29T10:44:39.796+02:00  INFO 4972 --- [ERP-System] [restartedMain] o.a.c.c.C.[Tomcat].[localhost].[/]       : Initializing Spring embedded WebApplicationContext
2025-05-29T10:44:39.796+02:00  INFO 4972 --- [ERP-System] [restartedMain] w.s.c.ServletWebServerApplicationContext : Root WebApplicationContext: initialization completed in 517 ms
2025-05-29T10:44:39.845+02:00  INFO 4972 --- [ERP-System] [restartedMain] o.hibernate.jpa.internal.util.LogHelper  : HHH000204: Processing PersistenceUnitInfo [name: default]
2025-05-29T10:44:39.847+02:00  INFO 4972 --- [ERP-System] [restartedMain] o.h.c.internal.RegionFactoryInitiator    : HHH000026: Second-level cache disabled
2025-05-29T10:44:39.854+02:00  INFO 4972 --- [ERP-System] [restartedMain] o.s.o.j.p.SpringPersistenceUnitInfo      : No LoadTimeWeaver setup: ignoring JPA class transformer
2025-05-29T10:44:39.854+02:00  INFO 4972 --- [ERP-System] [restartedMain] com.zaxxer.hikari.HikariDataSource       : HikariPool-13 - Starting...
2025-05-29T10:44:39.892+02:00  INFO 4972 --- [ERP-System] [restartedMain] com.zaxxer.hikari.pool.HikariPool        : HikariPool-13 - Added connection org.postgresql.jdbc.PgConnection@630d307f
2025-05-29T10:44:39.892+02:00  INFO 4972 --- [ERP-System] [restartedMain] com.zaxxer.hikari.HikariDataSource       : HikariPool-13 - Start completed.
2025-05-29T10:44:39.897+02:00  WARN 4972 --- [ERP-System] [restartedMain] org.hibernate.orm.deprecation            : HHH90000025: PostgreSQLDialect does not need to be specified explicitly using 'hibernate.dialect' (remove the property setting and it will be selected by default)
2025-05-29T10:44:39.898+02:00  INFO 4972 --- [ERP-System] [restartedMain] org.hibernate.orm.connections.pooling    : HHH10001005: Database info:
	Database JDBC URL [Connecting through datasource 'HikariDataSource (HikariPool-13)']
	Database driver: undefined/unknown
	Database version: 16.4
	Autocommit mode: undefined/unknown
	Isolation level: undefined/unknown
	Minimum pool size: undefined/unknown
	Maximum pool size: undefined/unknown
2025-05-29T10:44:39.986+02:00  INFO 4972 --- [ERP-System] [restartedMain] o.h.e.t.j.p.i.JtaPlatformInitiator       : HHH000489: No JTA platform available (set 'hibernate.transaction.jta.platform' to enable JTA platform integration)
2025-05-29T10:44:40.186+02:00  INFO 4972 --- [ERP-System] [restartedMain] j.LocalContainerEntityManagerFactoryBean : Initialized JPA EntityManagerFactory for persistence unit 'default'
2025-05-29T10:44:40.317+02:00  INFO 4972 --- [ERP-System] [restartedMain] eAuthenticationProviderManagerConfigurer : Global AuthenticationManager configured with AuthenticationProvider bean with name authenticationProvider
2025-05-29T10:44:40.317+02:00  WARN 4972 --- [ERP-System] [restartedMain] r$InitializeUserDetailsManagerConfigurer : Global AuthenticationManager configured with an AuthenticationProvider bean. UserDetailsService beans will not be used by Spring Security for automatically configuring username/password login. Consider removing the AuthenticationProvider bean. Alternatively, consider using the UserDetailsService in a manually instantiated DaoAuthenticationProvider. If the current configuration is intentional, to turn off this warning, increase the logging level of 'org.springframework.security.config.annotation.authentication.configuration.InitializeUserDetailsBeanManagerConfigurer' to ERROR
2025-05-29T10:44:40.805+02:00  INFO 4972 --- [ERP-System] [restartedMain] o.s.b.d.a.OptionalLiveReloadServer       : LiveReload server is running on port 35729
2025-05-29T10:44:40.818+02:00  INFO 4972 --- [ERP-System] [restartedMain] o.s.b.w.embedded.tomcat.TomcatWebServer  : Tomcat started on port 8080 (http) with context path '/'
2025-05-29T10:44:40.818+02:00  INFO 4972 --- [ERP-System] [restartedMain] com.backup.BackupApplication             : Started BackupApplication in 1.589 seconds (process running for 3200.614)
2025-05-29T10:44:40.818+02:00  INFO 4972 --- [ERP-System] [restartedMain] com.backup.config.SwaggerUrlLogger       : 
----------------------------------------------------------
	Swagger UI is available at: 
	Local: 		http://localhost:8080/swagger-ui.html
	External: 	http://192.168.1.101:8080/swagger-ui.html
----------------------------------------------------------
2025-05-29T10:44:40.818+02:00  INFO 4972 --- [ERP-System] [restartedMain] .ConditionEvaluationDeltaLoggingListener : Condition evaluation unchanged
2025-05-29T10:47:53.140+02:00  INFO 4972 --- [ERP-System] [http-nio-8080-exec-1] o.a.c.c.C.[Tomcat].[localhost].[/]       : Initializing Spring DispatcherServlet 'dispatcherServlet'
2025-05-29T10:47:53.140+02:00  INFO 4972 --- [ERP-System] [http-nio-8080-exec-1] o.s.web.servlet.DispatcherServlet        : Initializing Servlet 'dispatcherServlet'
2025-05-29T10:47:53.140+02:00  INFO 4972 --- [ERP-System] [http-nio-8080-exec-1] o.s.web.servlet.DispatcherServlet        : Completed initialization in 0 ms
2025-05-29T10:47:54.901+02:00  INFO 4972 --- [ERP-System] [File Watcher] rtingClassPathChangeChangedEventListener : Restarting due to 5 class path changes (0 additions, 5 deletions, 0 modifications)
2025-05-29T10:47:54.901+02:00  INFO 4972 --- [ERP-System] [Thread-51] o.s.b.w.e.tomcat.GracefulShutdown        : Commencing graceful shutdown. Waiting for active requests to complete
2025-05-29T10:47:54.917+02:00  INFO 4972 --- [ERP-System] [tomcat-shutdown] o.s.b.w.e.tomcat.GracefulShutdown        : Graceful shutdown complete
2025-05-29T10:47:54.917+02:00  INFO 4972 --- [ERP-System] [Thread-51] j.LocalContainerEntityManagerFactoryBean : Closing JPA EntityManagerFactory for persistence unit 'default'
2025-05-29T10:47:54.917+02:00  INFO 4972 --- [ERP-System] [Thread-51] com.zaxxer.hikari.HikariDataSource       : HikariPool-13 - Shutdown initiated...
2025-05-29T10:47:54.917+02:00  INFO 4972 --- [ERP-System] [Thread-51] com.zaxxer.hikari.HikariDataSource       : HikariPool-13 - Shutdown completed.
2025-05-29T10:47:55.051+02:00  INFO 4972 --- [ERP-System] [restartedMain] com.backup.BackupApplication             : Starting BackupApplication using Java 21 with PID 4972 (C:\Users\admin\Desktop\Java\Backup\target\classes started by admin in C:\Users\admin\Desktop\Java\Backup)
2025-05-29T10:47:55.051+02:00  INFO 4972 --- [ERP-System] [restartedMain] com.backup.BackupApplication             : No active profile set, falling back to 1 default profile: "default"
2025-05-29T10:47:55.297+02:00  INFO 4972 --- [ERP-System] [restartedMain] .s.d.r.c.RepositoryConfigurationDelegate : Bootstrapping Spring Data JPA repositories in DEFAULT mode.
2025-05-29T10:47:55.328+02:00  INFO 4972 --- [ERP-System] [restartedMain] .s.d.r.c.RepositoryConfigurationDelegate : Finished Spring Data repository scanning in 30 ms. Found 4 JPA repository interfaces.
2025-05-29T10:47:55.437+02:00  INFO 4972 --- [ERP-System] [restartedMain] o.s.b.w.embedded.tomcat.TomcatWebServer  : Tomcat initialized with port 8080 (http)
2025-05-29T10:47:55.437+02:00  INFO 4972 --- [ERP-System] [restartedMain] o.apache.catalina.core.StandardService   : Starting service [Tomcat]
2025-05-29T10:47:55.437+02:00  INFO 4972 --- [ERP-System] [restartedMain] o.apache.catalina.core.StandardEngine    : Starting Servlet engine: [Apache Tomcat/10.1.41]
2025-05-29T10:47:55.453+02:00  INFO 4972 --- [ERP-System] [restartedMain] o.a.c.c.C.[Tomcat].[localhost].[/]       : Initializing Spring embedded WebApplicationContext
2025-05-29T10:47:55.453+02:00  INFO 4972 --- [ERP-System] [restartedMain] w.s.c.ServletWebServerApplicationContext : Root WebApplicationContext: initialization completed in 402 ms
2025-05-29T10:47:55.532+02:00  INFO 4972 --- [ERP-System] [restartedMain] o.hibernate.jpa.internal.util.LogHelper  : HHH000204: Processing PersistenceUnitInfo [name: default]
2025-05-29T10:47:55.536+02:00  INFO 4972 --- [ERP-System] [restartedMain] o.h.c.internal.RegionFactoryInitiator    : HHH000026: Second-level cache disabled
2025-05-29T10:47:55.538+02:00  INFO 4972 --- [ERP-System] [restartedMain] o.s.o.j.p.SpringPersistenceUnitInfo      : No LoadTimeWeaver setup: ignoring JPA class transformer
2025-05-29T10:47:55.538+02:00  INFO 4972 --- [ERP-System] [restartedMain] com.zaxxer.hikari.HikariDataSource       : HikariPool-14 - Starting...
2025-05-29T10:47:55.688+02:00  INFO 4972 --- [ERP-System] [restartedMain] com.zaxxer.hikari.pool.HikariPool        : HikariPool-14 - Added connection org.postgresql.jdbc.PgConnection@60d4d23a
2025-05-29T10:47:55.688+02:00  INFO 4972 --- [ERP-System] [restartedMain] com.zaxxer.hikari.HikariDataSource       : HikariPool-14 - Start completed.
2025-05-29T10:47:55.703+02:00  WARN 4972 --- [ERP-System] [restartedMain] org.hibernate.orm.deprecation            : HHH90000025: PostgreSQLDialect does not need to be specified explicitly using 'hibernate.dialect' (remove the property setting and it will be selected by default)
2025-05-29T10:47:55.703+02:00  INFO 4972 --- [ERP-System] [restartedMain] org.hibernate.orm.connections.pooling    : HHH10001005: Database info:
	Database JDBC URL [Connecting through datasource 'HikariDataSource (HikariPool-14)']
	Database driver: undefined/unknown
	Database version: 16.4
	Autocommit mode: undefined/unknown
	Isolation level: undefined/unknown
	Minimum pool size: undefined/unknown
	Maximum pool size: undefined/unknown
2025-05-29T10:47:55.844+02:00  INFO 4972 --- [ERP-System] [restartedMain] o.h.e.t.j.p.i.JtaPlatformInitiator       : HHH000489: No JTA platform available (set 'hibernate.transaction.jta.platform' to enable JTA platform integration)
2025-05-29T10:47:56.136+02:00  INFO 4972 --- [ERP-System] [restartedMain] j.LocalContainerEntityManagerFactoryBean : Initialized JPA EntityManagerFactory for persistence unit 'default'
2025-05-29T10:47:56.293+02:00  INFO 4972 --- [ERP-System] [restartedMain] eAuthenticationProviderManagerConfigurer : Global AuthenticationManager configured with AuthenticationProvider bean with name authenticationProvider
2025-05-29T10:47:56.293+02:00  WARN 4972 --- [ERP-System] [restartedMain] r$InitializeUserDetailsManagerConfigurer : Global AuthenticationManager configured with an AuthenticationProvider bean. UserDetailsService beans will not be used by Spring Security for automatically configuring username/password login. Consider removing the AuthenticationProvider bean. Alternatively, consider using the UserDetailsService in a manually instantiated DaoAuthenticationProvider. If the current configuration is intentional, to turn off this warning, increase the logging level of 'org.springframework.security.config.annotation.authentication.configuration.InitializeUserDetailsBeanManagerConfigurer' to ERROR
2025-05-29T10:47:56.360+02:00  WARN 4972 --- [ERP-System] [restartedMain] ConfigServletWebServerApplicationContext : Exception encountered during context initialization - cancelling refresh attempt: org.springframework.beans.factory.UnsatisfiedDependencyException: Error creating bean with name 'paySlipController' defined in file [C:\Users\admin\Desktop\Java\Backup\target\classes\com\backup\controller\PaySlipController.class]: Unsatisfied dependency expressed through constructor parameter 0: No qualifying bean of type 'com.backup.service.PaySlipService' available: expected at least 1 bean which qualifies as autowire candidate. Dependency annotations: {}
2025-05-29T10:47:56.360+02:00  INFO 4972 --- [ERP-System] [restartedMain] j.LocalContainerEntityManagerFactoryBean : Closing JPA EntityManagerFactory for persistence unit 'default'
2025-05-29T10:47:56.360+02:00  INFO 4972 --- [ERP-System] [restartedMain] com.zaxxer.hikari.HikariDataSource       : HikariPool-14 - Shutdown initiated...
2025-05-29T10:47:56.514+02:00  INFO 4972 --- [ERP-System] [restartedMain] com.zaxxer.hikari.HikariDataSource       : HikariPool-14 - Shutdown completed.
2025-05-29T10:47:56.514+02:00  INFO 4972 --- [ERP-System] [restartedMain] o.apache.catalina.core.StandardService   : Stopping service [Tomcat]
2025-05-29T10:47:56.514+02:00  INFO 4972 --- [ERP-System] [restartedMain] .s.b.a.l.ConditionEvaluationReportLogger : 

Error starting ApplicationContext. To display the condition evaluation report re-run your application with 'debug' enabled.
2025-05-29T10:47:56.546+02:00 ERROR 4972 --- [ERP-System] [restartedMain] o.s.b.d.LoggingFailureAnalysisReporter   : 

***************************
APPLICATION FAILED TO START
***************************

Description:

Parameter 0 of constructor in com.backup.controller.PaySlipController required a bean of type 'com.backup.service.PaySlipService' that could not be found.


Action:

Consider defining a bean of type 'com.backup.service.PaySlipService' in your configuration.

2025-05-29T10:47:57.971+02:00  INFO 4972 --- [ERP-System] [restartedMain] com.backup.BackupApplication             : Starting BackupApplication using Java 21 with PID 4972 (C:\Users\admin\Desktop\Java\Backup\target\classes started by admin in C:\Users\admin\Desktop\Java\Backup)
2025-05-29T10:47:57.971+02:00  INFO 4972 --- [ERP-System] [restartedMain] com.backup.BackupApplication             : No active profile set, falling back to 1 default profile: "default"
2025-05-29T10:47:58.157+02:00  INFO 4972 --- [ERP-System] [restartedMain] .s.d.r.c.RepositoryConfigurationDelegate : Bootstrapping Spring Data JPA repositories in DEFAULT mode.
2025-05-29T10:47:58.173+02:00  INFO 4972 --- [ERP-System] [restartedMain] .s.d.r.c.RepositoryConfigurationDelegate : Finished Spring Data repository scanning in 18 ms. Found 5 JPA repository interfaces.
2025-05-29T10:47:58.289+02:00  INFO 4972 --- [ERP-System] [restartedMain] o.s.b.w.embedded.tomcat.TomcatWebServer  : Tomcat initialized with port 8080 (http)
2025-05-29T10:47:58.289+02:00  INFO 4972 --- [ERP-System] [restartedMain] o.apache.catalina.core.StandardService   : Starting service [Tomcat]
2025-05-29T10:47:58.289+02:00  INFO 4972 --- [ERP-System] [restartedMain] o.apache.catalina.core.StandardEngine    : Starting Servlet engine: [Apache Tomcat/10.1.41]
2025-05-29T10:47:58.357+02:00  INFO 4972 --- [ERP-System] [restartedMain] o.a.c.c.C.[Tomcat-1].[localhost].[/]     : Initializing Spring embedded WebApplicationContext
2025-05-29T10:47:58.357+02:00  INFO 4972 --- [ERP-System] [restartedMain] w.s.c.ServletWebServerApplicationContext : Root WebApplicationContext: initialization completed in 386 ms
2025-05-29T10:47:58.390+02:00  INFO 4972 --- [ERP-System] [restartedMain] o.hibernate.jpa.internal.util.LogHelper  : HHH000204: Processing PersistenceUnitInfo [name: default]
2025-05-29T10:47:58.390+02:00  INFO 4972 --- [ERP-System] [restartedMain] o.h.c.internal.RegionFactoryInitiator    : HHH000026: Second-level cache disabled
2025-05-29T10:47:58.407+02:00  INFO 4972 --- [ERP-System] [restartedMain] o.s.o.j.p.SpringPersistenceUnitInfo      : No LoadTimeWeaver setup: ignoring JPA class transformer
2025-05-29T10:47:58.407+02:00  INFO 4972 --- [ERP-System] [restartedMain] com.zaxxer.hikari.HikariDataSource       : HikariPool-15 - Starting...
2025-05-29T10:47:58.442+02:00  INFO 4972 --- [ERP-System] [restartedMain] com.zaxxer.hikari.pool.HikariPool        : HikariPool-15 - Added connection org.postgresql.jdbc.PgConnection@4e0c3b54
2025-05-29T10:47:58.442+02:00  INFO 4972 --- [ERP-System] [restartedMain] com.zaxxer.hikari.HikariDataSource       : HikariPool-15 - Start completed.
2025-05-29T10:47:58.447+02:00  WARN 4972 --- [ERP-System] [restartedMain] org.hibernate.orm.deprecation            : HHH90000025: PostgreSQLDialect does not need to be specified explicitly using 'hibernate.dialect' (remove the property setting and it will be selected by default)
2025-05-29T10:47:58.448+02:00  INFO 4972 --- [ERP-System] [restartedMain] org.hibernate.orm.connections.pooling    : HHH10001005: Database info:
	Database JDBC URL [Connecting through datasource 'HikariDataSource (HikariPool-15)']
	Database driver: undefined/unknown
	Database version: 16.4
	Autocommit mode: undefined/unknown
	Isolation level: undefined/unknown
	Minimum pool size: undefined/unknown
	Maximum pool size: undefined/unknown
2025-05-29T10:47:58.532+02:00  INFO 4972 --- [ERP-System] [restartedMain] o.h.e.t.j.p.i.JtaPlatformInitiator       : HHH000489: No JTA platform available (set 'hibernate.transaction.jta.platform' to enable JTA platform integration)
2025-05-29T10:47:58.855+02:00  INFO 4972 --- [ERP-System] [restartedMain] j.LocalContainerEntityManagerFactoryBean : Initialized JPA EntityManagerFactory for persistence unit 'default'
2025-05-29T10:47:59.004+02:00  INFO 4972 --- [ERP-System] [restartedMain] eAuthenticationProviderManagerConfigurer : Global AuthenticationManager configured with AuthenticationProvider bean with name authenticationProvider
2025-05-29T10:47:59.004+02:00  WARN 4972 --- [ERP-System] [restartedMain] r$InitializeUserDetailsManagerConfigurer : Global AuthenticationManager configured with an AuthenticationProvider bean. UserDetailsService beans will not be used by Spring Security for automatically configuring username/password login. Consider removing the AuthenticationProvider bean. Alternatively, consider using the UserDetailsService in a manually instantiated DaoAuthenticationProvider. If the current configuration is intentional, to turn off this warning, increase the logging level of 'org.springframework.security.config.annotation.authentication.configuration.InitializeUserDetailsBeanManagerConfigurer' to ERROR
2025-05-29T10:47:59.646+02:00  INFO 4972 --- [ERP-System] [restartedMain] o.s.b.d.a.OptionalLiveReloadServer       : LiveReload server is running on port 35729
2025-05-29T10:47:59.654+02:00  INFO 4972 --- [ERP-System] [restartedMain] o.s.b.w.embedded.tomcat.TomcatWebServer  : Tomcat started on port 8080 (http) with context path '/'
2025-05-29T10:47:59.654+02:00  INFO 4972 --- [ERP-System] [restartedMain] com.backup.BackupApplication             : Started BackupApplication in 1.683 seconds (process running for 3399.455)
2025-05-29T10:47:59.667+02:00  INFO 4972 --- [ERP-System] [restartedMain] com.backup.config.SwaggerUrlLogger       : 
----------------------------------------------------------
	Swagger UI is available at: 
	Local: 		http://localhost:8080/swagger-ui.html
	External: 	http://192.168.1.101:8080/swagger-ui.html
----------------------------------------------------------
2025-05-29T10:47:59.670+02:00  INFO 4972 --- [ERP-System] [restartedMain] .ConditionEvaluationDeltaLoggingListener : Condition evaluation unchanged
2025-05-29T10:51:08.800+02:00  INFO 4972 --- [ERP-System] [File Watcher] rtingClassPathChangeChangedEventListener : Restarting due to 1 class path change (0 additions, 1 deletion, 0 modifications)
2025-05-29T10:51:08.800+02:00  INFO 4972 --- [ERP-System] [Thread-55] o.s.b.w.e.tomcat.GracefulShutdown        : Commencing graceful shutdown. Waiting for active requests to complete
2025-05-29T10:51:08.800+02:00  INFO 4972 --- [ERP-System] [tomcat-shutdown] o.s.b.w.e.tomcat.GracefulShutdown        : Graceful shutdown complete
2025-05-29T10:51:08.800+02:00  INFO 4972 --- [ERP-System] [Thread-55] j.LocalContainerEntityManagerFactoryBean : Closing JPA EntityManagerFactory for persistence unit 'default'
2025-05-29T10:51:08.815+02:00  INFO 4972 --- [ERP-System] [Thread-55] com.zaxxer.hikari.HikariDataSource       : HikariPool-15 - Shutdown initiated...
2025-05-29T10:51:08.815+02:00  INFO 4972 --- [ERP-System] [Thread-55] com.zaxxer.hikari.HikariDataSource       : HikariPool-15 - Shutdown completed.
2025-05-29T10:51:08.892+02:00  INFO 4972 --- [ERP-System] [restartedMain] com.backup.BackupApplication             : Starting BackupApplication using Java 21 with PID 4972 (C:\Users\admin\Desktop\Java\Backup\target\classes started by admin in C:\Users\admin\Desktop\Java\Backup)
2025-05-29T10:51:08.892+02:00  INFO 4972 --- [ERP-System] [restartedMain] com.backup.BackupApplication             : No active profile set, falling back to 1 default profile: "default"
2025-05-29T10:51:09.134+02:00  INFO 4972 --- [ERP-System] [restartedMain] .s.d.r.c.RepositoryConfigurationDelegate : Bootstrapping Spring Data JPA repositories in DEFAULT mode.
2025-05-29T10:51:09.162+02:00  INFO 4972 --- [ERP-System] [restartedMain] .s.d.r.c.RepositoryConfigurationDelegate : Finished Spring Data repository scanning in 23 ms. Found 5 JPA repository interfaces.
2025-05-29T10:51:09.264+02:00  INFO 4972 --- [ERP-System] [restartedMain] o.s.b.w.embedded.tomcat.TomcatWebServer  : Tomcat initialized with port 8080 (http)
2025-05-29T10:51:09.264+02:00  INFO 4972 --- [ERP-System] [restartedMain] o.apache.catalina.core.StandardService   : Starting service [Tomcat]
2025-05-29T10:51:09.264+02:00  INFO 4972 --- [ERP-System] [restartedMain] o.apache.catalina.core.StandardEngine    : Starting Servlet engine: [Apache Tomcat/10.1.41]
2025-05-29T10:51:09.279+02:00  INFO 4972 --- [ERP-System] [restartedMain] o.a.c.c.C.[Tomcat-1].[localhost].[/]     : Initializing Spring embedded WebApplicationContext
2025-05-29T10:51:09.279+02:00  INFO 4972 --- [ERP-System] [restartedMain] w.s.c.ServletWebServerApplicationContext : Root WebApplicationContext: initialization completed in 387 ms
2025-05-29T10:51:09.295+02:00  INFO 4972 --- [ERP-System] [restartedMain] o.hibernate.jpa.internal.util.LogHelper  : HHH000204: Processing PersistenceUnitInfo [name: default]
2025-05-29T10:51:09.295+02:00  INFO 4972 --- [ERP-System] [restartedMain] o.h.c.internal.RegionFactoryInitiator    : HHH000026: Second-level cache disabled
2025-05-29T10:51:09.295+02:00  INFO 4972 --- [ERP-System] [restartedMain] o.s.o.j.p.SpringPersistenceUnitInfo      : No LoadTimeWeaver setup: ignoring JPA class transformer
2025-05-29T10:51:09.295+02:00  INFO 4972 --- [ERP-System] [restartedMain] com.zaxxer.hikari.HikariDataSource       : HikariPool-16 - Starting...
2025-05-29T10:51:09.337+02:00  INFO 4972 --- [ERP-System] [restartedMain] com.zaxxer.hikari.pool.HikariPool        : HikariPool-16 - Added connection org.postgresql.jdbc.PgConnection@4684e6dd
2025-05-29T10:51:09.337+02:00  INFO 4972 --- [ERP-System] [restartedMain] com.zaxxer.hikari.HikariDataSource       : HikariPool-16 - Start completed.
2025-05-29T10:51:09.353+02:00  WARN 4972 --- [ERP-System] [restartedMain] org.hibernate.orm.deprecation            : HHH90000025: PostgreSQLDialect does not need to be specified explicitly using 'hibernate.dialect' (remove the property setting and it will be selected by default)
2025-05-29T10:51:09.353+02:00  INFO 4972 --- [ERP-System] [restartedMain] org.hibernate.orm.connections.pooling    : HHH10001005: Database info:
	Database JDBC URL [Connecting through datasource 'HikariDataSource (HikariPool-16)']
	Database driver: undefined/unknown
	Database version: 16.4
	Autocommit mode: undefined/unknown
	Isolation level: undefined/unknown
	Minimum pool size: undefined/unknown
	Maximum pool size: undefined/unknown
2025-05-29T10:51:09.415+02:00  INFO 4972 --- [ERP-System] [restartedMain] o.h.e.t.j.p.i.JtaPlatformInitiator       : HHH000489: No JTA platform available (set 'hibernate.transaction.jta.platform' to enable JTA platform integration)
2025-05-29T10:51:09.627+02:00  INFO 4972 --- [ERP-System] [restartedMain] j.LocalContainerEntityManagerFactoryBean : Initialized JPA EntityManagerFactory for persistence unit 'default'
2025-05-29T10:51:09.897+02:00  INFO 4972 --- [ERP-System] [restartedMain] eAuthenticationProviderManagerConfigurer : Global AuthenticationManager configured with AuthenticationProvider bean with name authenticationProvider
2025-05-29T10:51:09.897+02:00  WARN 4972 --- [ERP-System] [restartedMain] r$InitializeUserDetailsManagerConfigurer : Global AuthenticationManager configured with an AuthenticationProvider bean. UserDetailsService beans will not be used by Spring Security for automatically configuring username/password login. Consider removing the AuthenticationProvider bean. Alternatively, consider using the UserDetailsService in a manually instantiated DaoAuthenticationProvider. If the current configuration is intentional, to turn off this warning, increase the logging level of 'org.springframework.security.config.annotation.authentication.configuration.InitializeUserDetailsBeanManagerConfigurer' to ERROR
2025-05-29T10:51:10.101+02:00  WARN 4972 --- [ERP-System] [restartedMain] ConfigServletWebServerApplicationContext : Exception encountered during context initialization - cancelling refresh attempt: org.springframework.beans.factory.BeanCreationException: Error creating bean with name 'paySlipController': Resolution of declared constructors on bean Class [com.backup.controller.PaySlipController] from ClassLoader [org.springframework.boot.devtools.restart.classloader.RestartClassLoader@1b3ee0c6] failed
2025-05-29T10:51:10.101+02:00  INFO 4972 --- [ERP-System] [restartedMain] j.LocalContainerEntityManagerFactoryBean : Closing JPA EntityManagerFactory for persistence unit 'default'
2025-05-29T10:51:10.101+02:00  INFO 4972 --- [ERP-System] [restartedMain] com.zaxxer.hikari.HikariDataSource       : HikariPool-16 - Shutdown initiated...
2025-05-29T10:51:10.135+02:00  INFO 4972 --- [ERP-System] [restartedMain] com.zaxxer.hikari.HikariDataSource       : HikariPool-16 - Shutdown completed.
2025-05-29T10:51:10.135+02:00  INFO 4972 --- [ERP-System] [restartedMain] o.apache.catalina.core.StandardService   : Stopping service [Tomcat]
2025-05-29T10:51:10.135+02:00  INFO 4972 --- [ERP-System] [restartedMain] .s.b.a.l.ConditionEvaluationReportLogger : 

Error starting ApplicationContext. To display the condition evaluation report re-run your application with 'debug' enabled.
2025-05-29T10:51:10.141+02:00 ERROR 4972 --- [ERP-System] [restartedMain] o.s.boot.SpringApplication               : Application run failed

org.springframework.beans.factory.BeanCreationException: Error creating bean with name 'paySlipController': Resolution of declared constructors on bean Class [com.backup.controller.PaySlipController] from ClassLoader [org.springframework.boot.devtools.restart.classloader.RestartClassLoader@1b3ee0c6] failed
	at org.springframework.beans.factory.annotation.AutowiredAnnotationBeanPostProcessor.determineCandidateConstructors(AutowiredAnnotationBeanPostProcessor.java:384) ~[spring-beans-6.2.7.jar:6.2.7]
	at org.springframework.beans.factory.support.AbstractAutowireCapableBeanFactory.determineConstructorsFromBeanPostProcessors(AbstractAutowireCapableBeanFactory.java:1334) ~[spring-beans-6.2.7.jar:6.2.7]
	at org.springframework.beans.factory.support.AbstractAutowireCapableBeanFactory.createBeanInstance(AbstractAutowireCapableBeanFactory.java:1229) ~[spring-beans-6.2.7.jar:6.2.7]
	at org.springframework.beans.factory.support.AbstractAutowireCapableBeanFactory.doCreateBean(AbstractAutowireCapableBeanFactory.java:569) ~[spring-beans-6.2.7.jar:6.2.7]
	at org.springframework.beans.factory.support.AbstractAutowireCapableBeanFactory.createBean(AbstractAutowireCapableBeanFactory.java:529) ~[spring-beans-6.2.7.jar:6.2.7]
	at org.springframework.beans.factory.support.AbstractBeanFactory.lambda$doGetBean$0(AbstractBeanFactory.java:339) ~[spring-beans-6.2.7.jar:6.2.7]
	at org.springframework.beans.factory.support.DefaultSingletonBeanRegistry.getSingleton(DefaultSingletonBeanRegistry.java:373) ~[spring-beans-6.2.7.jar:6.2.7]
	at org.springframework.beans.factory.support.AbstractBeanFactory.doGetBean(AbstractBeanFactory.java:337) ~[spring-beans-6.2.7.jar:6.2.7]
	at org.springframework.beans.factory.support.AbstractBeanFactory.getBean(AbstractBeanFactory.java:202) ~[spring-beans-6.2.7.jar:6.2.7]
	at org.springframework.beans.factory.support.DefaultListableBeanFactory.instantiateSingleton(DefaultListableBeanFactory.java:1222) ~[spring-beans-6.2.7.jar:6.2.7]
	at org.springframework.beans.factory.support.DefaultListableBeanFactory.preInstantiateSingleton(DefaultListableBeanFactory.java:1188) ~[spring-beans-6.2.7.jar:6.2.7]
	at org.springframework.beans.factory.support.DefaultListableBeanFactory.preInstantiateSingletons(DefaultListableBeanFactory.java:1123) ~[spring-beans-6.2.7.jar:6.2.7]
	at org.springframework.context.support.AbstractApplicationContext.finishBeanFactoryInitialization(AbstractApplicationContext.java:987) ~[spring-context-6.2.7.jar:6.2.7]
	at org.springframework.context.support.AbstractApplicationContext.refresh(AbstractApplicationContext.java:627) ~[spring-context-6.2.7.jar:6.2.7]
	at org.springframework.boot.web.servlet.context.ServletWebServerApplicationContext.refresh(ServletWebServerApplicationContext.java:146) ~[spring-boot-3.5.0.jar:3.5.0]
	at org.springframework.boot.SpringApplication.refresh(SpringApplication.java:753) ~[spring-boot-3.5.0.jar:3.5.0]
	at org.springframework.boot.SpringApplication.refreshContext(SpringApplication.java:439) ~[spring-boot-3.5.0.jar:3.5.0]
	at org.springframework.boot.SpringApplication.run(SpringApplication.java:318) ~[spring-boot-3.5.0.jar:3.5.0]
	at org.springframework.boot.SpringApplication.run(SpringApplication.java:1362) ~[spring-boot-3.5.0.jar:3.5.0]
	at org.springframework.boot.SpringApplication.run(SpringApplication.java:1351) ~[spring-boot-3.5.0.jar:3.5.0]
	at com.backup.BackupApplication.main(BackupApplication.java:10) ~[classes/:na]
	at java.base/jdk.internal.reflect.DirectMethodHandleAccessor.invoke(DirectMethodHandleAccessor.java:103) ~[na:na]
	at java.base/java.lang.reflect.Method.invoke(Method.java:580) ~[na:na]
	at org.springframework.boot.devtools.restart.RestartLauncher.run(RestartLauncher.java:50) ~[spring-boot-devtools-3.5.0.jar:3.5.0]
Caused by: java.lang.NoClassDefFoundError: com/backup/service/PaySlipService
	at java.base/java.lang.Class.getDeclaredConstructors0(Native Method) ~[na:na]
	at java.base/java.lang.Class.privateGetDeclaredConstructors(Class.java:3549) ~[na:na]
	at java.base/java.lang.Class.getDeclaredConstructors(Class.java:2727) ~[na:na]
	at org.springframework.beans.factory.annotation.AutowiredAnnotationBeanPostProcessor.determineCandidateConstructors(AutowiredAnnotationBeanPostProcessor.java:379) ~[spring-beans-6.2.7.jar:6.2.7]
	... 23 common frames omitted
Caused by: java.lang.ClassNotFoundException: com.backup.service.PaySlipService
	at java.base/jdk.internal.loader.BuiltinClassLoader.loadClass(BuiltinClassLoader.java:641) ~[na:na]
	at java.base/jdk.internal.loader.ClassLoaders$AppClassLoader.loadClass(ClassLoaders.java:188) ~[na:na]
	at java.base/java.lang.ClassLoader.loadClass(ClassLoader.java:526) ~[na:na]
	at java.base/java.lang.Class.forName0(Native Method) ~[na:na]
	at java.base/java.lang.Class.forName(Class.java:534) ~[na:na]
	at java.base/java.lang.Class.forName(Class.java:513) ~[na:na]
	at org.springframework.boot.devtools.restart.classloader.RestartClassLoader.loadClass(RestartClassLoader.java:121) ~[spring-boot-devtools-3.5.0.jar:3.5.0]
	at java.base/java.lang.ClassLoader.loadClass(ClassLoader.java:526) ~[na:na]
	... 27 common frames omitted

2025-05-29T10:54:33.060+02:00  INFO 4972 --- [ERP-System] [restartedMain] com.backup.BackupApplication             : Starting BackupApplication using Java 21 with PID 4972 (C:\Users\admin\Desktop\Java\Backup\target\classes started by admin in C:\Users\admin\Desktop\Java\Backup)
2025-05-29T10:54:33.060+02:00  INFO 4972 --- [ERP-System] [restartedMain] com.backup.BackupApplication             : No active profile set, falling back to 1 default profile: "default"
2025-05-29T10:54:33.413+02:00  INFO 4972 --- [ERP-System] [restartedMain] .s.d.r.c.RepositoryConfigurationDelegate : Bootstrapping Spring Data JPA repositories in DEFAULT mode.
2025-05-29T10:54:33.443+02:00  INFO 4972 --- [ERP-System] [restartedMain] .s.d.r.c.RepositoryConfigurationDelegate : Finished Spring Data repository scanning in 28 ms. Found 5 JPA repository interfaces.
2025-05-29T10:54:33.568+02:00  INFO 4972 --- [ERP-System] [restartedMain] o.s.b.w.embedded.tomcat.TomcatWebServer  : Tomcat initialized with port 8080 (http)
2025-05-29T10:54:33.569+02:00  INFO 4972 --- [ERP-System] [restartedMain] o.apache.catalina.core.StandardService   : Starting service [Tomcat]
2025-05-29T10:54:33.569+02:00  INFO 4972 --- [ERP-System] [restartedMain] o.apache.catalina.core.StandardEngine    : Starting Servlet engine: [Apache Tomcat/10.1.41]
2025-05-29T10:54:33.585+02:00  INFO 4972 --- [ERP-System] [restartedMain] o.a.c.c.C.[Tomcat-2].[localhost].[/]     : Initializing Spring embedded WebApplicationContext
2025-05-29T10:54:33.585+02:00  INFO 4972 --- [ERP-System] [restartedMain] w.s.c.ServletWebServerApplicationContext : Root WebApplicationContext: initialization completed in 524 ms
2025-05-29T10:54:33.629+02:00  INFO 4972 --- [ERP-System] [restartedMain] o.hibernate.jpa.internal.util.LogHelper  : HHH000204: Processing PersistenceUnitInfo [name: default]
2025-05-29T10:54:33.631+02:00  INFO 4972 --- [ERP-System] [restartedMain] o.h.c.internal.RegionFactoryInitiator    : HHH000026: Second-level cache disabled
2025-05-29T10:54:33.639+02:00  INFO 4972 --- [ERP-System] [restartedMain] o.s.o.j.p.SpringPersistenceUnitInfo      : No LoadTimeWeaver setup: ignoring JPA class transformer
2025-05-29T10:54:33.640+02:00  INFO 4972 --- [ERP-System] [restartedMain] com.zaxxer.hikari.HikariDataSource       : HikariPool-17 - Starting...
2025-05-29T10:54:33.693+02:00  INFO 4972 --- [ERP-System] [restartedMain] com.zaxxer.hikari.pool.HikariPool        : HikariPool-17 - Added connection org.postgresql.jdbc.PgConnection@18d69475
2025-05-29T10:54:33.694+02:00  INFO 4972 --- [ERP-System] [restartedMain] com.zaxxer.hikari.HikariDataSource       : HikariPool-17 - Start completed.
2025-05-29T10:54:33.704+02:00  WARN 4972 --- [ERP-System] [restartedMain] org.hibernate.orm.deprecation            : HHH90000025: PostgreSQLDialect does not need to be specified explicitly using 'hibernate.dialect' (remove the property setting and it will be selected by default)
2025-05-29T10:54:33.705+02:00  INFO 4972 --- [ERP-System] [restartedMain] org.hibernate.orm.connections.pooling    : HHH10001005: Database info:
	Database JDBC URL [Connecting through datasource 'HikariDataSource (HikariPool-17)']
	Database driver: undefined/unknown
	Database version: 16.4
	Autocommit mode: undefined/unknown
	Isolation level: undefined/unknown
	Minimum pool size: undefined/unknown
	Maximum pool size: undefined/unknown
2025-05-29T10:54:33.810+02:00  INFO 4972 --- [ERP-System] [restartedMain] o.h.e.t.j.p.i.JtaPlatformInitiator       : HHH000489: No JTA platform available (set 'hibernate.transaction.jta.platform' to enable JTA platform integration)
2025-05-29T10:54:34.152+02:00  INFO 4972 --- [ERP-System] [restartedMain] j.LocalContainerEntityManagerFactoryBean : Initialized JPA EntityManagerFactory for persistence unit 'default'
2025-05-29T10:54:34.254+02:00  INFO 4972 --- [ERP-System] [restartedMain] eAuthenticationProviderManagerConfigurer : Global AuthenticationManager configured with AuthenticationProvider bean with name authenticationProvider
2025-05-29T10:54:34.254+02:00  WARN 4972 --- [ERP-System] [restartedMain] r$InitializeUserDetailsManagerConfigurer : Global AuthenticationManager configured with an AuthenticationProvider bean. UserDetailsService beans will not be used by Spring Security for automatically configuring username/password login. Consider removing the AuthenticationProvider bean. Alternatively, consider using the UserDetailsService in a manually instantiated DaoAuthenticationProvider. If the current configuration is intentional, to turn off this warning, increase the logging level of 'org.springframework.security.config.annotation.authentication.configuration.InitializeUserDetailsBeanManagerConfigurer' to ERROR
2025-05-29T10:54:34.708+02:00  INFO 4972 --- [ERP-System] [restartedMain] o.s.b.d.a.OptionalLiveReloadServer       : LiveReload server is running on port 35729
2025-05-29T10:54:34.722+02:00  INFO 4972 --- [ERP-System] [restartedMain] o.s.b.w.embedded.tomcat.TomcatWebServer  : Tomcat started on port 8080 (http) with context path '/'
2025-05-29T10:54:34.724+02:00  INFO 4972 --- [ERP-System] [restartedMain] com.backup.BackupApplication             : Started BackupApplication in 1.69 seconds (process running for 3794.513)
2025-05-29T10:54:34.726+02:00  INFO 4972 --- [ERP-System] [restartedMain] com.backup.config.SwaggerUrlLogger       : 
----------------------------------------------------------
	Swagger UI is available at: 
	Local: 		http://localhost:8080/swagger-ui.html
	External: 	http://192.168.1.101:8080/swagger-ui.html
----------------------------------------------------------
2025-05-29T10:54:34.727+02:00  INFO 4972 --- [ERP-System] [restartedMain] .ConditionEvaluationDeltaLoggingListener : Condition evaluation unchanged
2025-05-29T10:54:36.161+02:00  INFO 4972 --- [ERP-System] [File Watcher] rtingClassPathChangeChangedEventListener : Restarting due to 1 class path change (1 addition, 0 deletions, 0 modifications)
2025-05-29T10:54:36.164+02:00  INFO 4972 --- [ERP-System] [Thread-62] o.s.b.w.e.tomcat.GracefulShutdown        : Commencing graceful shutdown. Waiting for active requests to complete
2025-05-29T10:54:36.176+02:00  INFO 4972 --- [ERP-System] [tomcat-shutdown] o.s.b.w.e.tomcat.GracefulShutdown        : Graceful shutdown complete
2025-05-29T10:54:36.176+02:00  INFO 4972 --- [ERP-System] [Thread-62] j.LocalContainerEntityManagerFactoryBean : Closing JPA EntityManagerFactory for persistence unit 'default'
2025-05-29T10:54:36.176+02:00  INFO 4972 --- [ERP-System] [Thread-62] com.zaxxer.hikari.HikariDataSource       : HikariPool-17 - Shutdown initiated...
2025-05-29T10:54:36.176+02:00  INFO 4972 --- [ERP-System] [Thread-62] com.zaxxer.hikari.HikariDataSource       : HikariPool-17 - Shutdown completed.
2025-05-29T10:54:36.340+02:00  INFO 4972 --- [ERP-System] [restartedMain] com.backup.BackupApplication             : Starting BackupApplication using Java 21 with PID 4972 (C:\Users\admin\Desktop\Java\Backup\target\classes started by admin in C:\Users\admin\Desktop\Java\Backup)
2025-05-29T10:54:36.340+02:00  INFO 4972 --- [ERP-System] [restartedMain] com.backup.BackupApplication             : No active profile set, falling back to 1 default profile: "default"
2025-05-29T10:54:36.552+02:00  INFO 4972 --- [ERP-System] [restartedMain] .s.d.r.c.RepositoryConfigurationDelegate : Bootstrapping Spring Data JPA repositories in DEFAULT mode.
2025-05-29T10:54:36.573+02:00  INFO 4972 --- [ERP-System] [restartedMain] .s.d.r.c.RepositoryConfigurationDelegate : Finished Spring Data repository scanning in 20 ms. Found 5 JPA repository interfaces.
2025-05-29T10:54:36.873+02:00  INFO 4972 --- [ERP-System] [restartedMain] o.s.b.w.embedded.tomcat.TomcatWebServer  : Tomcat initialized with port 8080 (http)
2025-05-29T10:54:36.873+02:00  INFO 4972 --- [ERP-System] [restartedMain] o.apache.catalina.core.StandardService   : Starting service [Tomcat]
2025-05-29T10:54:36.873+02:00  INFO 4972 --- [ERP-System] [restartedMain] o.apache.catalina.core.StandardEngine    : Starting Servlet engine: [Apache Tomcat/10.1.41]
2025-05-29T10:54:36.904+02:00  INFO 4972 --- [ERP-System] [restartedMain] o.a.c.c.C.[Tomcat-2].[localhost].[/]     : Initializing Spring embedded WebApplicationContext
2025-05-29T10:54:36.904+02:00  INFO 4972 --- [ERP-System] [restartedMain] w.s.c.ServletWebServerApplicationContext : Root WebApplicationContext: initialization completed in 564 ms
2025-05-29T10:54:36.959+02:00  INFO 4972 --- [ERP-System] [restartedMain] o.hibernate.jpa.internal.util.LogHelper  : HHH000204: Processing PersistenceUnitInfo [name: default]
2025-05-29T10:54:36.961+02:00  INFO 4972 --- [ERP-System] [restartedMain] o.h.c.internal.RegionFactoryInitiator    : HHH000026: Second-level cache disabled
2025-05-29T10:54:36.967+02:00  INFO 4972 --- [ERP-System] [restartedMain] o.s.o.j.p.SpringPersistenceUnitInfo      : No LoadTimeWeaver setup: ignoring JPA class transformer
2025-05-29T10:54:36.968+02:00  INFO 4972 --- [ERP-System] [restartedMain] com.zaxxer.hikari.HikariDataSource       : HikariPool-18 - Starting...
2025-05-29T10:54:37.002+02:00  INFO 4972 --- [ERP-System] [restartedMain] com.zaxxer.hikari.pool.HikariPool        : HikariPool-18 - Added connection org.postgresql.jdbc.PgConnection@1d04a8b3
2025-05-29T10:54:37.002+02:00  INFO 4972 --- [ERP-System] [restartedMain] com.zaxxer.hikari.HikariDataSource       : HikariPool-18 - Start completed.
2025-05-29T10:54:37.007+02:00  WARN 4972 --- [ERP-System] [restartedMain] org.hibernate.orm.deprecation            : HHH90000025: PostgreSQLDialect does not need to be specified explicitly using 'hibernate.dialect' (remove the property setting and it will be selected by default)
2025-05-29T10:54:37.008+02:00  INFO 4972 --- [ERP-System] [restartedMain] org.hibernate.orm.connections.pooling    : HHH10001005: Database info:
	Database JDBC URL [Connecting through datasource 'HikariDataSource (HikariPool-18)']
	Database driver: undefined/unknown
	Database version: 16.4
	Autocommit mode: undefined/unknown
	Isolation level: undefined/unknown
	Minimum pool size: undefined/unknown
	Maximum pool size: undefined/unknown
2025-05-29T10:54:37.102+02:00  INFO 4972 --- [ERP-System] [restartedMain] o.h.e.t.j.p.i.JtaPlatformInitiator       : HHH000489: No JTA platform available (set 'hibernate.transaction.jta.platform' to enable JTA platform integration)
2025-05-29T10:54:37.293+02:00  INFO 4972 --- [ERP-System] [restartedMain] j.LocalContainerEntityManagerFactoryBean : Initialized JPA EntityManagerFactory for persistence unit 'default'
2025-05-29T10:54:37.416+02:00  INFO 4972 --- [ERP-System] [restartedMain] eAuthenticationProviderManagerConfigurer : Global AuthenticationManager configured with AuthenticationProvider bean with name authenticationProvider
2025-05-29T10:54:37.417+02:00  WARN 4972 --- [ERP-System] [restartedMain] r$InitializeUserDetailsManagerConfigurer : Global AuthenticationManager configured with an AuthenticationProvider bean. UserDetailsService beans will not be used by Spring Security for automatically configuring username/password login. Consider removing the AuthenticationProvider bean. Alternatively, consider using the UserDetailsService in a manually instantiated DaoAuthenticationProvider. If the current configuration is intentional, to turn off this warning, increase the logging level of 'org.springframework.security.config.annotation.authentication.configuration.InitializeUserDetailsBeanManagerConfigurer' to ERROR
2025-05-29T10:54:37.880+02:00  INFO 4972 --- [ERP-System] [restartedMain] o.s.b.d.a.OptionalLiveReloadServer       : LiveReload server is running on port 35729
2025-05-29T10:54:37.895+02:00  INFO 4972 --- [ERP-System] [restartedMain] o.s.b.w.embedded.tomcat.TomcatWebServer  : Tomcat started on port 8080 (http) with context path '/'
2025-05-29T10:54:37.898+02:00  INFO 4972 --- [ERP-System] [restartedMain] com.backup.BackupApplication             : Started BackupApplication in 1.578 seconds (process running for 3797.688)
2025-05-29T10:54:37.899+02:00  INFO 4972 --- [ERP-System] [restartedMain] com.backup.config.SwaggerUrlLogger       : 
----------------------------------------------------------
	Swagger UI is available at: 
	Local: 		http://localhost:8080/swagger-ui.html
	External: 	http://192.168.1.101:8080/swagger-ui.html
----------------------------------------------------------
2025-05-29T10:54:37.900+02:00  INFO 4972 --- [ERP-System] [restartedMain] .ConditionEvaluationDeltaLoggingListener : Condition evaluation unchanged
2025-05-29T11:00:31.627+02:00  INFO 4972 --- [ERP-System] [File Watcher] rtingClassPathChangeChangedEventListener : Restarting due to 6 class path changes (0 additions, 6 deletions, 0 modifications)
2025-05-29T11:00:31.629+02:00  INFO 4972 --- [ERP-System] [Thread-69] o.s.b.w.e.tomcat.GracefulShutdown        : Commencing graceful shutdown. Waiting for active requests to complete
2025-05-29T11:00:31.642+02:00  INFO 4972 --- [ERP-System] [tomcat-shutdown] o.s.b.w.e.tomcat.GracefulShutdown        : Graceful shutdown complete
2025-05-29T11:00:31.646+02:00  INFO 4972 --- [ERP-System] [Thread-69] j.LocalContainerEntityManagerFactoryBean : Closing JPA EntityManagerFactory for persistence unit 'default'
2025-05-29T11:00:31.646+02:00  INFO 4972 --- [ERP-System] [Thread-69] com.zaxxer.hikari.HikariDataSource       : HikariPool-18 - Shutdown initiated...
2025-05-29T11:00:31.647+02:00  INFO 4972 --- [ERP-System] [Thread-69] com.zaxxer.hikari.HikariDataSource       : HikariPool-18 - Shutdown completed.
2025-05-29T11:00:31.748+02:00  INFO 4972 --- [ERP-System] [restartedMain] com.backup.BackupApplication             : Starting BackupApplication using Java 21 with PID 4972 (C:\Users\admin\Desktop\Java\Backup\target\classes started by admin in C:\Users\admin\Desktop\Java\Backup)
2025-05-29T11:00:31.749+02:00  INFO 4972 --- [ERP-System] [restartedMain] com.backup.BackupApplication             : No active profile set, falling back to 1 default profile: "default"
2025-05-29T11:00:32.001+02:00  INFO 4972 --- [ERP-System] [restartedMain] .s.d.r.c.RepositoryConfigurationDelegate : Bootstrapping Spring Data JPA repositories in DEFAULT mode.
2025-05-29T11:00:32.027+02:00  INFO 4972 --- [ERP-System] [restartedMain] .s.d.r.c.RepositoryConfigurationDelegate : Finished Spring Data repository scanning in 25 ms. Found 4 JPA repository interfaces.
2025-05-29T11:00:32.118+02:00  INFO 4972 --- [ERP-System] [restartedMain] o.s.b.w.embedded.tomcat.TomcatWebServer  : Tomcat initialized with port 8080 (http)
2025-05-29T11:00:32.118+02:00  INFO 4972 --- [ERP-System] [restartedMain] o.apache.catalina.core.StandardService   : Starting service [Tomcat]
2025-05-29T11:00:32.118+02:00  INFO 4972 --- [ERP-System] [restartedMain] o.apache.catalina.core.StandardEngine    : Starting Servlet engine: [Apache Tomcat/10.1.41]
2025-05-29T11:00:32.132+02:00  INFO 4972 --- [ERP-System] [restartedMain] o.a.c.c.C.[Tomcat-2].[localhost].[/]     : Initializing Spring embedded WebApplicationContext
2025-05-29T11:00:32.132+02:00  INFO 4972 --- [ERP-System] [restartedMain] w.s.c.ServletWebServerApplicationContext : Root WebApplicationContext: initialization completed in 382 ms
2025-05-29T11:00:32.172+02:00  INFO 4972 --- [ERP-System] [restartedMain] o.hibernate.jpa.internal.util.LogHelper  : HHH000204: Processing PersistenceUnitInfo [name: default]
2025-05-29T11:00:32.175+02:00  INFO 4972 --- [ERP-System] [restartedMain] o.h.c.internal.RegionFactoryInitiator    : HHH000026: Second-level cache disabled
2025-05-29T11:00:32.183+02:00  INFO 4972 --- [ERP-System] [restartedMain] o.s.o.j.p.SpringPersistenceUnitInfo      : No LoadTimeWeaver setup: ignoring JPA class transformer
2025-05-29T11:00:32.184+02:00  INFO 4972 --- [ERP-System] [restartedMain] com.zaxxer.hikari.HikariDataSource       : HikariPool-19 - Starting...
2025-05-29T11:00:32.234+02:00  INFO 4972 --- [ERP-System] [restartedMain] com.zaxxer.hikari.pool.HikariPool        : HikariPool-19 - Added connection org.postgresql.jdbc.PgConnection@6fcc7610
2025-05-29T11:00:32.234+02:00  INFO 4972 --- [ERP-System] [restartedMain] com.zaxxer.hikari.HikariDataSource       : HikariPool-19 - Start completed.
2025-05-29T11:00:32.242+02:00  WARN 4972 --- [ERP-System] [restartedMain] org.hibernate.orm.deprecation            : HHH90000025: PostgreSQLDialect does not need to be specified explicitly using 'hibernate.dialect' (remove the property setting and it will be selected by default)
2025-05-29T11:00:32.243+02:00  INFO 4972 --- [ERP-System] [restartedMain] org.hibernate.orm.connections.pooling    : HHH10001005: Database info:
	Database JDBC URL [Connecting through datasource 'HikariDataSource (HikariPool-19)']
	Database driver: undefined/unknown
	Database version: 16.4
	Autocommit mode: undefined/unknown
	Isolation level: undefined/unknown
	Minimum pool size: undefined/unknown
	Maximum pool size: undefined/unknown
2025-05-29T11:00:32.332+02:00  INFO 4972 --- [ERP-System] [restartedMain] o.h.e.t.j.p.i.JtaPlatformInitiator       : HHH000489: No JTA platform available (set 'hibernate.transaction.jta.platform' to enable JTA platform integration)
2025-05-29T11:00:32.631+02:00  INFO 4972 --- [ERP-System] [restartedMain] j.LocalContainerEntityManagerFactoryBean : Initialized JPA EntityManagerFactory for persistence unit 'default'
2025-05-29T11:00:32.750+02:00  INFO 4972 --- [ERP-System] [restartedMain] eAuthenticationProviderManagerConfigurer : Global AuthenticationManager configured with AuthenticationProvider bean with name authenticationProvider
2025-05-29T11:00:32.750+02:00  WARN 4972 --- [ERP-System] [restartedMain] r$InitializeUserDetailsManagerConfigurer : Global AuthenticationManager configured with an AuthenticationProvider bean. UserDetailsService beans will not be used by Spring Security for automatically configuring username/password login. Consider removing the AuthenticationProvider bean. Alternatively, consider using the UserDetailsService in a manually instantiated DaoAuthenticationProvider. If the current configuration is intentional, to turn off this warning, increase the logging level of 'org.springframework.security.config.annotation.authentication.configuration.InitializeUserDetailsBeanManagerConfigurer' to ERROR
2025-05-29T11:00:32.861+02:00  WARN 4972 --- [ERP-System] [restartedMain] ConfigServletWebServerApplicationContext : Exception encountered during context initialization - cancelling refresh attempt: org.springframework.beans.factory.UnsatisfiedDependencyException: Error creating bean with name 'paySlipController' defined in file [C:\Users\admin\Desktop\Java\Backup\target\classes\com\backup\controller\PaySlipController.class]: Unsatisfied dependency expressed through constructor parameter 0: Error creating bean with name 'paySlipService' defined in file [C:\Users\admin\Desktop\Java\Backup\target\classes\com\backup\service\PaySlipService.class]: Unsatisfied dependency expressed through constructor parameter 2: No qualifying bean of type 'com.backup.repository.EmploymentRepository' available: expected at least 1 bean which qualifies as autowire candidate. Dependency annotations: {}
2025-05-29T11:00:32.862+02:00  INFO 4972 --- [ERP-System] [restartedMain] j.LocalContainerEntityManagerFactoryBean : Closing JPA EntityManagerFactory for persistence unit 'default'
2025-05-29T11:00:32.862+02:00  INFO 4972 --- [ERP-System] [restartedMain] com.zaxxer.hikari.HikariDataSource       : HikariPool-19 - Shutdown initiated...
2025-05-29T11:00:32.883+02:00  INFO 4972 --- [ERP-System] [restartedMain] com.zaxxer.hikari.HikariDataSource       : HikariPool-19 - Shutdown completed.
2025-05-29T11:00:32.884+02:00  INFO 4972 --- [ERP-System] [restartedMain] o.apache.catalina.core.StandardService   : Stopping service [Tomcat]
2025-05-29T11:00:32.889+02:00  INFO 4972 --- [ERP-System] [restartedMain] .s.b.a.l.ConditionEvaluationReportLogger : 

Error starting ApplicationContext. To display the condition evaluation report re-run your application with 'debug' enabled.
2025-05-29T11:00:32.895+02:00 ERROR 4972 --- [ERP-System] [restartedMain] o.s.b.d.LoggingFailureAnalysisReporter   : 

***************************
APPLICATION FAILED TO START
***************************

Description:

Parameter 2 of constructor in com.backup.service.PaySlipService required a bean of type 'com.backup.repository.EmploymentRepository' that could not be found.


Action:

Consider defining a bean of type 'com.backup.repository.EmploymentRepository' in your configuration.

2025-05-29T11:00:34.348+02:00  INFO 4972 --- [ERP-System] [restartedMain] com.backup.BackupApplication             : Starting BackupApplication using Java 21 with PID 4972 (C:\Users\admin\Desktop\Java\Backup\target\classes started by admin in C:\Users\admin\Desktop\Java\Backup)
2025-05-29T11:00:34.349+02:00  INFO 4972 --- [ERP-System] [restartedMain] com.backup.BackupApplication             : No active profile set, falling back to 1 default profile: "default"
2025-05-29T11:00:34.505+02:00  INFO 4972 --- [ERP-System] [restartedMain] .s.d.r.c.RepositoryConfigurationDelegate : Bootstrapping Spring Data JPA repositories in DEFAULT mode.
2025-05-29T11:00:34.523+02:00  INFO 4972 --- [ERP-System] [restartedMain] .s.d.r.c.RepositoryConfigurationDelegate : Finished Spring Data repository scanning in 16 ms. Found 5 JPA repository interfaces.
2025-05-29T11:00:34.641+02:00  INFO 4972 --- [ERP-System] [restartedMain] o.s.b.w.embedded.tomcat.TomcatWebServer  : Tomcat initialized with port 8080 (http)
2025-05-29T11:00:34.642+02:00  INFO 4972 --- [ERP-System] [restartedMain] o.apache.catalina.core.StandardService   : Starting service [Tomcat]
2025-05-29T11:00:34.642+02:00  INFO 4972 --- [ERP-System] [restartedMain] o.apache.catalina.core.StandardEngine    : Starting Servlet engine: [Apache Tomcat/10.1.41]
2025-05-29T11:00:34.668+02:00  INFO 4972 --- [ERP-System] [restartedMain] o.a.c.c.C.[Tomcat-3].[localhost].[/]     : Initializing Spring embedded WebApplicationContext
2025-05-29T11:00:34.668+02:00  INFO 4972 --- [ERP-System] [restartedMain] w.s.c.ServletWebServerApplicationContext : Root WebApplicationContext: initialization completed in 317 ms
2025-05-29T11:00:34.722+02:00  INFO 4972 --- [ERP-System] [restartedMain] o.hibernate.jpa.internal.util.LogHelper  : HHH000204: Processing PersistenceUnitInfo [name: default]
2025-05-29T11:00:34.725+02:00  INFO 4972 --- [ERP-System] [restartedMain] o.h.c.internal.RegionFactoryInitiator    : HHH000026: Second-level cache disabled
2025-05-29T11:00:34.734+02:00  INFO 4972 --- [ERP-System] [restartedMain] o.s.o.j.p.SpringPersistenceUnitInfo      : No LoadTimeWeaver setup: ignoring JPA class transformer
2025-05-29T11:00:34.735+02:00  INFO 4972 --- [ERP-System] [restartedMain] com.zaxxer.hikari.HikariDataSource       : HikariPool-20 - Starting...
2025-05-29T11:00:34.795+02:00  INFO 4972 --- [ERP-System] [restartedMain] com.zaxxer.hikari.pool.HikariPool        : HikariPool-20 - Added connection org.postgresql.jdbc.PgConnection@4d238190
2025-05-29T11:00:34.795+02:00  INFO 4972 --- [ERP-System] [restartedMain] com.zaxxer.hikari.HikariDataSource       : HikariPool-20 - Start completed.
2025-05-29T11:00:34.804+02:00  WARN 4972 --- [ERP-System] [restartedMain] org.hibernate.orm.deprecation            : HHH90000025: PostgreSQLDialect does not need to be specified explicitly using 'hibernate.dialect' (remove the property setting and it will be selected by default)
2025-05-29T11:00:34.805+02:00  INFO 4972 --- [ERP-System] [restartedMain] org.hibernate.orm.connections.pooling    : HHH10001005: Database info:
	Database JDBC URL [Connecting through datasource 'HikariDataSource (HikariPool-20)']
	Database driver: undefined/unknown
	Database version: 16.4
	Autocommit mode: undefined/unknown
	Isolation level: undefined/unknown
	Minimum pool size: undefined/unknown
	Maximum pool size: undefined/unknown
2025-05-29T11:00:34.937+02:00  INFO 4972 --- [ERP-System] [restartedMain] o.h.e.t.j.p.i.JtaPlatformInitiator       : HHH000489: No JTA platform available (set 'hibernate.transaction.jta.platform' to enable JTA platform integration)
2025-05-29T11:00:35.311+02:00  INFO 4972 --- [ERP-System] [restartedMain] j.LocalContainerEntityManagerFactoryBean : Initialized JPA EntityManagerFactory for persistence unit 'default'
2025-05-29T11:00:35.449+02:00  INFO 4972 --- [ERP-System] [restartedMain] eAuthenticationProviderManagerConfigurer : Global AuthenticationManager configured with AuthenticationProvider bean with name authenticationProvider
2025-05-29T11:00:35.449+02:00  WARN 4972 --- [ERP-System] [restartedMain] r$InitializeUserDetailsManagerConfigurer : Global AuthenticationManager configured with an AuthenticationProvider bean. UserDetailsService beans will not be used by Spring Security for automatically configuring username/password login. Consider removing the AuthenticationProvider bean. Alternatively, consider using the UserDetailsService in a manually instantiated DaoAuthenticationProvider. If the current configuration is intentional, to turn off this warning, increase the logging level of 'org.springframework.security.config.annotation.authentication.configuration.InitializeUserDetailsBeanManagerConfigurer' to ERROR
2025-05-29T11:00:35.769+02:00  INFO 4972 --- [ERP-System] [restartedMain] o.s.b.d.a.OptionalLiveReloadServer       : LiveReload server is running on port 35729
2025-05-29T11:00:35.778+02:00  INFO 4972 --- [ERP-System] [restartedMain] o.s.b.w.embedded.tomcat.TomcatWebServer  : Tomcat started on port 8080 (http) with context path '/'
2025-05-29T11:00:35.781+02:00  INFO 4972 --- [ERP-System] [restartedMain] com.backup.BackupApplication             : Started BackupApplication in 1.444 seconds (process running for 4155.57)
2025-05-29T11:00:35.782+02:00  INFO 4972 --- [ERP-System] [restartedMain] com.backup.config.SwaggerUrlLogger       : 
----------------------------------------------------------
	Swagger UI is available at: 
	Local: 		http://localhost:8080/swagger-ui.html
	External: 	http://192.168.1.101:8080/swagger-ui.html
----------------------------------------------------------
2025-05-29T11:00:36.005+02:00  INFO 4972 --- [ERP-System] [restartedMain] com.backup.config.DataInitializer        : Admin user created: irasubizabella@gmail.com
2025-05-29T11:00:36.067+02:00  INFO 4972 --- [ERP-System] [restartedMain] com.backup.config.DataInitializer        : Manager user created: irerabrigitte@gmail.com
2025-05-29T11:00:36.067+02:00  INFO 4972 --- [ERP-System] [restartedMain] .ConditionEvaluationDeltaLoggingListener : Condition evaluation unchanged
2025-05-29T11:01:09.231+02:00  INFO 4972 --- [ERP-System] [http-nio-8080-exec-1] o.a.c.c.C.[Tomcat-3].[localhost].[/]     : Initializing Spring DispatcherServlet 'dispatcherServlet'
2025-05-29T11:01:09.231+02:00  INFO 4972 --- [ERP-System] [http-nio-8080-exec-1] o.s.web.servlet.DispatcherServlet        : Initializing Servlet 'dispatcherServlet'
2025-05-29T11:01:09.233+02:00  INFO 4972 --- [ERP-System] [http-nio-8080-exec-1] o.s.web.servlet.DispatcherServlet        : Completed initialization in 2 ms
2025-05-29T11:03:25.616+02:00  INFO 4972 --- [ERP-System] [File Watcher] rtingClassPathChangeChangedEventListener : Restarting due to 1 class path change (0 additions, 1 deletion, 0 modifications)
2025-05-29T11:03:25.617+02:00  INFO 4972 --- [ERP-System] [Thread-73] o.s.b.w.e.tomcat.GracefulShutdown        : Commencing graceful shutdown. Waiting for active requests to complete
2025-05-29T11:03:25.628+02:00  INFO 4972 --- [ERP-System] [tomcat-shutdown] o.s.b.w.e.tomcat.GracefulShutdown        : Graceful shutdown complete
2025-05-29T11:03:25.630+02:00  INFO 4972 --- [ERP-System] [Thread-73] j.LocalContainerEntityManagerFactoryBean : Closing JPA EntityManagerFactory for persistence unit 'default'
2025-05-29T11:03:25.631+02:00  INFO 4972 --- [ERP-System] [Thread-73] com.zaxxer.hikari.HikariDataSource       : HikariPool-20 - Shutdown initiated...
2025-05-29T11:03:25.632+02:00  INFO 4972 --- [ERP-System] [Thread-73] com.zaxxer.hikari.HikariDataSource       : HikariPool-20 - Shutdown completed.
2025-05-29T11:03:25.741+02:00  INFO 4972 --- [ERP-System] [restartedMain] com.backup.BackupApplication             : Starting BackupApplication using Java 21 with PID 4972 (C:\Users\admin\Desktop\Java\Backup\target\classes started by admin in C:\Users\admin\Desktop\Java\Backup)
2025-05-29T11:03:25.742+02:00  INFO 4972 --- [ERP-System] [restartedMain] com.backup.BackupApplication             : No active profile set, falling back to 1 default profile: "default"
2025-05-29T11:03:25.944+02:00  INFO 4972 --- [ERP-System] [restartedMain] .s.d.r.c.RepositoryConfigurationDelegate : Bootstrapping Spring Data JPA repositories in DEFAULT mode.
2025-05-29T11:03:25.965+02:00  INFO 4972 --- [ERP-System] [restartedMain] .s.d.r.c.RepositoryConfigurationDelegate : Finished Spring Data repository scanning in 19 ms. Found 5 JPA repository interfaces.
2025-05-29T11:03:26.049+02:00  INFO 4972 --- [ERP-System] [restartedMain] o.s.b.w.embedded.tomcat.TomcatWebServer  : Tomcat initialized with port 8080 (http)
2025-05-29T11:03:26.049+02:00  INFO 4972 --- [ERP-System] [restartedMain] o.apache.catalina.core.StandardService   : Starting service [Tomcat]
2025-05-29T11:03:26.049+02:00  INFO 4972 --- [ERP-System] [restartedMain] o.apache.catalina.core.StandardEngine    : Starting Servlet engine: [Apache Tomcat/10.1.41]
2025-05-29T11:03:26.061+02:00  INFO 4972 --- [ERP-System] [restartedMain] o.a.c.c.C.[Tomcat-3].[localhost].[/]     : Initializing Spring embedded WebApplicationContext
2025-05-29T11:03:26.061+02:00  INFO 4972 --- [ERP-System] [restartedMain] w.s.c.ServletWebServerApplicationContext : Root WebApplicationContext: initialization completed in 318 ms
2025-05-29T11:03:26.117+02:00  INFO 4972 --- [ERP-System] [restartedMain] o.hibernate.jpa.internal.util.LogHelper  : HHH000204: Processing PersistenceUnitInfo [name: default]
2025-05-29T11:03:26.118+02:00  INFO 4972 --- [ERP-System] [restartedMain] o.h.c.internal.RegionFactoryInitiator    : HHH000026: Second-level cache disabled
2025-05-29T11:03:26.123+02:00  INFO 4972 --- [ERP-System] [restartedMain] o.s.o.j.p.SpringPersistenceUnitInfo      : No LoadTimeWeaver setup: ignoring JPA class transformer
2025-05-29T11:03:26.125+02:00  INFO 4972 --- [ERP-System] [restartedMain] com.zaxxer.hikari.HikariDataSource       : HikariPool-21 - Starting...
2025-05-29T11:03:26.172+02:00  INFO 4972 --- [ERP-System] [restartedMain] com.zaxxer.hikari.pool.HikariPool        : HikariPool-21 - Added connection org.postgresql.jdbc.PgConnection@28d7f253
2025-05-29T11:03:26.172+02:00  INFO 4972 --- [ERP-System] [restartedMain] com.zaxxer.hikari.HikariDataSource       : HikariPool-21 - Start completed.
2025-05-29T11:03:26.180+02:00  WARN 4972 --- [ERP-System] [restartedMain] org.hibernate.orm.deprecation            : HHH90000025: PostgreSQLDialect does not need to be specified explicitly using 'hibernate.dialect' (remove the property setting and it will be selected by default)
2025-05-29T11:03:26.181+02:00  INFO 4972 --- [ERP-System] [restartedMain] org.hibernate.orm.connections.pooling    : HHH10001005: Database info:
	Database JDBC URL [Connecting through datasource 'HikariDataSource (HikariPool-21)']
	Database driver: undefined/unknown
	Database version: 16.4
	Autocommit mode: undefined/unknown
	Isolation level: undefined/unknown
	Minimum pool size: undefined/unknown
	Maximum pool size: undefined/unknown
2025-05-29T11:03:26.261+02:00  INFO 4972 --- [ERP-System] [restartedMain] o.h.e.t.j.p.i.JtaPlatformInitiator       : HHH000489: No JTA platform available (set 'hibernate.transaction.jta.platform' to enable JTA platform integration)
2025-05-29T11:03:26.464+02:00  INFO 4972 --- [ERP-System] [restartedMain] j.LocalContainerEntityManagerFactoryBean : Initialized JPA EntityManagerFactory for persistence unit 'default'
2025-05-29T11:03:26.558+02:00  INFO 4972 --- [ERP-System] [restartedMain] eAuthenticationProviderManagerConfigurer : Global AuthenticationManager configured with AuthenticationProvider bean with name authenticationProvider
2025-05-29T11:03:26.559+02:00  WARN 4972 --- [ERP-System] [restartedMain] r$InitializeUserDetailsManagerConfigurer : Global AuthenticationManager configured with an AuthenticationProvider bean. UserDetailsService beans will not be used by Spring Security for automatically configuring username/password login. Consider removing the AuthenticationProvider bean. Alternatively, consider using the UserDetailsService in a manually instantiated DaoAuthenticationProvider. If the current configuration is intentional, to turn off this warning, increase the logging level of 'org.springframework.security.config.annotation.authentication.configuration.InitializeUserDetailsBeanManagerConfigurer' to ERROR
2025-05-29T11:03:26.883+02:00  INFO 4972 --- [ERP-System] [restartedMain] o.s.b.d.a.OptionalLiveReloadServer       : LiveReload server is running on port 35729
2025-05-29T11:03:26.893+02:00  INFO 4972 --- [ERP-System] [restartedMain] o.s.b.w.embedded.tomcat.TomcatWebServer  : Tomcat started on port 8080 (http) with context path '/'
2025-05-29T11:03:26.895+02:00  INFO 4972 --- [ERP-System] [restartedMain] com.backup.BackupApplication             : Started BackupApplication in 1.17 seconds (process running for 4326.684)
2025-05-29T11:03:26.896+02:00  INFO 4972 --- [ERP-System] [restartedMain] com.backup.config.SwaggerUrlLogger       : 
----------------------------------------------------------
	Swagger UI is available at: 
	Local: 		http://localhost:8080/swagger-ui.html
	External: 	http://192.168.1.101:8080/swagger-ui.html
----------------------------------------------------------
2025-05-29T11:03:26.923+02:00  INFO 4972 --- [ERP-System] [restartedMain] .ConditionEvaluationDeltaLoggingListener : Condition evaluation unchanged
2025-05-29T11:04:08.010+02:00  INFO 4972 --- [ERP-System] [File Watcher] rtingClassPathChangeChangedEventListener : Restarting due to 1 class path change (1 addition, 0 deletions, 0 modifications)
2025-05-29T11:04:08.011+02:00  INFO 4972 --- [ERP-System] [Thread-80] o.s.b.w.e.tomcat.GracefulShutdown        : Commencing graceful shutdown. Waiting for active requests to complete
2025-05-29T11:04:08.024+02:00  INFO 4972 --- [ERP-System] [tomcat-shutdown] o.s.b.w.e.tomcat.GracefulShutdown        : Graceful shutdown complete
2025-05-29T11:04:08.027+02:00  INFO 4972 --- [ERP-System] [Thread-80] j.LocalContainerEntityManagerFactoryBean : Closing JPA EntityManagerFactory for persistence unit 'default'
2025-05-29T11:04:08.027+02:00  INFO 4972 --- [ERP-System] [Thread-80] com.zaxxer.hikari.HikariDataSource       : HikariPool-21 - Shutdown initiated...
2025-05-29T11:04:08.029+02:00  INFO 4972 --- [ERP-System] [Thread-80] com.zaxxer.hikari.HikariDataSource       : HikariPool-21 - Shutdown completed.
2025-05-29T11:04:08.132+02:00  INFO 4972 --- [ERP-System] [restartedMain] com.backup.BackupApplication             : Starting BackupApplication using Java 21 with PID 4972 (C:\Users\admin\Desktop\Java\Backup\target\classes started by admin in C:\Users\admin\Desktop\Java\Backup)
2025-05-29T11:04:08.132+02:00  INFO 4972 --- [ERP-System] [restartedMain] com.backup.BackupApplication             : No active profile set, falling back to 1 default profile: "default"
2025-05-29T11:04:08.452+02:00  INFO 4972 --- [ERP-System] [restartedMain] .s.d.r.c.RepositoryConfigurationDelegate : Bootstrapping Spring Data JPA repositories in DEFAULT mode.
2025-05-29T11:04:08.471+02:00  INFO 4972 --- [ERP-System] [restartedMain] .s.d.r.c.RepositoryConfigurationDelegate : Finished Spring Data repository scanning in 19 ms. Found 5 JPA repository interfaces.
2025-05-29T11:04:08.586+02:00  INFO 4972 --- [ERP-System] [restartedMain] o.s.b.w.embedded.tomcat.TomcatWebServer  : Tomcat initialized with port 8080 (http)
2025-05-29T11:04:08.587+02:00  INFO 4972 --- [ERP-System] [restartedMain] o.apache.catalina.core.StandardService   : Starting service [Tomcat]
2025-05-29T11:04:08.587+02:00  INFO 4972 --- [ERP-System] [restartedMain] o.apache.catalina.core.StandardEngine    : Starting Servlet engine: [Apache Tomcat/10.1.41]
2025-05-29T11:04:08.601+02:00  INFO 4972 --- [ERP-System] [restartedMain] o.a.c.c.C.[Tomcat-3].[localhost].[/]     : Initializing Spring embedded WebApplicationContext
2025-05-29T11:04:08.601+02:00  INFO 4972 --- [ERP-System] [restartedMain] w.s.c.ServletWebServerApplicationContext : Root WebApplicationContext: initialization completed in 467 ms
2025-05-29T11:04:08.639+02:00  INFO 4972 --- [ERP-System] [restartedMain] o.hibernate.jpa.internal.util.LogHelper  : HHH000204: Processing PersistenceUnitInfo [name: default]
2025-05-29T11:04:08.639+02:00  INFO 4972 --- [ERP-System] [restartedMain] o.h.c.internal.RegionFactoryInitiator    : HHH000026: Second-level cache disabled
2025-05-29T11:04:08.645+02:00  INFO 4972 --- [ERP-System] [restartedMain] o.s.o.j.p.SpringPersistenceUnitInfo      : No LoadTimeWeaver setup: ignoring JPA class transformer
2025-05-29T11:04:08.646+02:00  INFO 4972 --- [ERP-System] [restartedMain] com.zaxxer.hikari.HikariDataSource       : HikariPool-22 - Starting...
2025-05-29T11:04:08.691+02:00  INFO 4972 --- [ERP-System] [restartedMain] com.zaxxer.hikari.pool.HikariPool        : HikariPool-22 - Added connection org.postgresql.jdbc.PgConnection@69e3da94
2025-05-29T11:04:08.691+02:00  INFO 4972 --- [ERP-System] [restartedMain] com.zaxxer.hikari.HikariDataSource       : HikariPool-22 - Start completed.
2025-05-29T11:04:08.701+02:00  WARN 4972 --- [ERP-System] [restartedMain] org.hibernate.orm.deprecation            : HHH90000025: PostgreSQLDialect does not need to be specified explicitly using 'hibernate.dialect' (remove the property setting and it will be selected by default)
2025-05-29T11:04:08.702+02:00  INFO 4972 --- [ERP-System] [restartedMain] org.hibernate.orm.connections.pooling    : HHH10001005: Database info:
	Database JDBC URL [Connecting through datasource 'HikariDataSource (HikariPool-22)']
	Database driver: undefined/unknown
	Database version: 16.4
	Autocommit mode: undefined/unknown
	Isolation level: undefined/unknown
	Minimum pool size: undefined/unknown
	Maximum pool size: undefined/unknown
2025-05-29T11:04:08.776+02:00  INFO 4972 --- [ERP-System] [restartedMain] o.h.e.t.j.p.i.JtaPlatformInitiator       : HHH000489: No JTA platform available (set 'hibernate.transaction.jta.platform' to enable JTA platform integration)
2025-05-29T11:04:09.125+02:00  INFO 4972 --- [ERP-System] [restartedMain] j.LocalContainerEntityManagerFactoryBean : Initialized JPA EntityManagerFactory for persistence unit 'default'
2025-05-29T11:04:09.412+02:00  INFO 4972 --- [ERP-System] [restartedMain] eAuthenticationProviderManagerConfigurer : Global AuthenticationManager configured with AuthenticationProvider bean with name authenticationProvider
2025-05-29T11:04:09.412+02:00  WARN 4972 --- [ERP-System] [restartedMain] r$InitializeUserDetailsManagerConfigurer : Global AuthenticationManager configured with an AuthenticationProvider bean. UserDetailsService beans will not be used by Spring Security for automatically configuring username/password login. Consider removing the AuthenticationProvider bean. Alternatively, consider using the UserDetailsService in a manually instantiated DaoAuthenticationProvider. If the current configuration is intentional, to turn off this warning, increase the logging level of 'org.springframework.security.config.annotation.authentication.configuration.InitializeUserDetailsBeanManagerConfigurer' to ERROR
2025-05-29T11:04:10.149+02:00  INFO 4972 --- [ERP-System] [restartedMain] o.s.b.d.a.OptionalLiveReloadServer       : LiveReload server is running on port 35729
2025-05-29T11:04:10.212+02:00  INFO 4972 --- [ERP-System] [restartedMain] o.s.b.w.embedded.tomcat.TomcatWebServer  : Tomcat started on port 8080 (http) with context path '/'
2025-05-29T11:04:10.212+02:00  INFO 4972 --- [ERP-System] [restartedMain] com.backup.BackupApplication             : Started BackupApplication in 2.105 seconds (process running for 4370.006)
2025-05-29T11:04:10.212+02:00  INFO 4972 --- [ERP-System] [restartedMain] com.backup.config.SwaggerUrlLogger       : 
----------------------------------------------------------
	Swagger UI is available at: 
	Local: 		http://localhost:8080/swagger-ui.html
	External: 	http://192.168.1.101:8080/swagger-ui.html
----------------------------------------------------------
2025-05-29T11:04:10.243+02:00  INFO 4972 --- [ERP-System] [restartedMain] .ConditionEvaluationDeltaLoggingListener : Condition evaluation unchanged
2025-05-29T11:07:27.153+02:00  INFO 4972 --- [ERP-System] [SpringApplicationShutdownHook] o.s.b.w.e.tomcat.GracefulShutdown        : Commencing graceful shutdown. Waiting for active requests to complete
2025-05-29T11:07:27.163+02:00  INFO 4972 --- [ERP-System] [tomcat-shutdown] o.s.b.w.e.tomcat.GracefulShutdown        : Graceful shutdown complete
2025-05-29T11:07:27.166+02:00  INFO 4972 --- [ERP-System] [SpringApplicationShutdownHook] j.LocalContainerEntityManagerFactoryBean : Closing JPA EntityManagerFactory for persistence unit 'default'
2025-05-29T11:07:27.167+02:00  INFO 4972 --- [ERP-System] [SpringApplicationShutdownHook] com.zaxxer.hikari.HikariDataSource       : HikariPool-22 - Shutdown initiated...
2025-05-29T11:07:27.168+02:00  INFO 4972 --- [ERP-System] [SpringApplicationShutdownHook] com.zaxxer.hikari.HikariDataSource       : HikariPool-22 - Shutdown completed.
2025-05-29T11:07:30.687+02:00  INFO 4364 --- [ERP-System] [restartedMain] com.backup.BackupApplication             : Starting BackupApplication using Java 21 with PID 4364 (C:\Users\admin\Desktop\Java\Backup\target\classes started by admin in C:\Users\admin\Desktop\Java\Backup)
2025-05-29T11:07:30.688+02:00  INFO 4364 --- [ERP-System] [restartedMain] com.backup.BackupApplication             : No active profile set, falling back to 1 default profile: "default"
2025-05-29T11:07:30.713+02:00  INFO 4364 --- [ERP-System] [restartedMain] .e.DevToolsPropertyDefaultsPostProcessor : Devtools property defaults active! Set 'spring.devtools.add-properties' to 'false' to disable
2025-05-29T11:07:30.713+02:00  INFO 4364 --- [ERP-System] [restartedMain] .e.DevToolsPropertyDefaultsPostProcessor : For additional web related logging consider setting the 'logging.level.web' property to 'DEBUG'
2025-05-29T11:07:31.307+02:00  INFO 4364 --- [ERP-System] [restartedMain] .s.d.r.c.RepositoryConfigurationDelegate : Bootstrapping Spring Data JPA repositories in DEFAULT mode.
2025-05-29T11:07:31.350+02:00  INFO 4364 --- [ERP-System] [restartedMain] .s.d.r.c.RepositoryConfigurationDelegate : Finished Spring Data repository scanning in 37 ms. Found 5 JPA repository interfaces.
2025-05-29T11:07:31.722+02:00  INFO 4364 --- [ERP-System] [restartedMain] o.s.b.w.embedded.tomcat.TomcatWebServer  : Tomcat initialized with port 8080 (http)
2025-05-29T11:07:31.731+02:00  INFO 4364 --- [ERP-System] [restartedMain] o.apache.catalina.core.StandardService   : Starting service [Tomcat]
2025-05-29T11:07:31.731+02:00  INFO 4364 --- [ERP-System] [restartedMain] o.apache.catalina.core.StandardEngine    : Starting Servlet engine: [Apache Tomcat/10.1.41]
2025-05-29T11:07:31.759+02:00  INFO 4364 --- [ERP-System] [restartedMain] o.a.c.c.C.[Tomcat].[localhost].[/]       : Initializing Spring embedded WebApplicationContext
2025-05-29T11:07:31.760+02:00  INFO 4364 --- [ERP-System] [restartedMain] w.s.c.ServletWebServerApplicationContext : Root WebApplicationContext: initialization completed in 1047 ms
2025-05-29T11:07:31.843+02:00  INFO 4364 --- [ERP-System] [restartedMain] o.hibernate.jpa.internal.util.LogHelper  : HHH000204: Processing PersistenceUnitInfo [name: default]
2025-05-29T11:07:31.885+02:00  INFO 4364 --- [ERP-System] [restartedMain] org.hibernate.Version                    : HHH000412: Hibernate ORM core version 6.6.15.Final
2025-05-29T11:07:31.904+02:00  INFO 4364 --- [ERP-System] [restartedMain] o.h.c.internal.RegionFactoryInitiator    : HHH000026: Second-level cache disabled
2025-05-29T11:07:32.076+02:00  INFO 4364 --- [ERP-System] [restartedMain] o.s.o.j.p.SpringPersistenceUnitInfo      : No LoadTimeWeaver setup: ignoring JPA class transformer
2025-05-29T11:07:32.094+02:00  INFO 4364 --- [ERP-System] [restartedMain] com.zaxxer.hikari.HikariDataSource       : HikariPool-1 - Starting...
2025-05-29T11:07:32.196+02:00  INFO 4364 --- [ERP-System] [restartedMain] com.zaxxer.hikari.pool.HikariPool        : HikariPool-1 - Added connection org.postgresql.jdbc.PgConnection@d570a33
2025-05-29T11:07:32.197+02:00  INFO 4364 --- [ERP-System] [restartedMain] com.zaxxer.hikari.HikariDataSource       : HikariPool-1 - Start completed.
2025-05-29T11:07:32.219+02:00  WARN 4364 --- [ERP-System] [restartedMain] org.hibernate.orm.deprecation            : HHH90000025: PostgreSQLDialect does not need to be specified explicitly using 'hibernate.dialect' (remove the property setting and it will be selected by default)
2025-05-29T11:07:32.229+02:00  INFO 4364 --- [ERP-System] [restartedMain] org.hibernate.orm.connections.pooling    : HHH10001005: Database info:
	Database JDBC URL [Connecting through datasource 'HikariDataSource (HikariPool-1)']
	Database driver: undefined/unknown
	Database version: 16.4
	Autocommit mode: undefined/unknown
	Isolation level: undefined/unknown
	Minimum pool size: undefined/unknown
	Maximum pool size: undefined/unknown
2025-05-29T11:07:32.886+02:00  INFO 4364 --- [ERP-System] [restartedMain] o.h.e.t.j.p.i.JtaPlatformInitiator       : HHH000489: No JTA platform available (set 'hibernate.transaction.jta.platform' to enable JTA platform integration)
2025-05-29T11:07:33.101+02:00  INFO 4364 --- [ERP-System] [restartedMain] j.LocalContainerEntityManagerFactoryBean : Initialized JPA EntityManagerFactory for persistence unit 'default'
2025-05-29T11:07:33.382+02:00  INFO 4364 --- [ERP-System] [restartedMain] eAuthenticationProviderManagerConfigurer : Global AuthenticationManager configured with AuthenticationProvider bean with name authenticationProvider
2025-05-29T11:07:33.382+02:00  WARN 4364 --- [ERP-System] [restartedMain] r$InitializeUserDetailsManagerConfigurer : Global AuthenticationManager configured with an AuthenticationProvider bean. UserDetailsService beans will not be used by Spring Security for automatically configuring username/password login. Consider removing the AuthenticationProvider bean. Alternatively, consider using the UserDetailsService in a manually instantiated DaoAuthenticationProvider. If the current configuration is intentional, to turn off this warning, increase the logging level of 'org.springframework.security.config.annotation.authentication.configuration.InitializeUserDetailsBeanManagerConfigurer' to ERROR
2025-05-29T11:07:34.355+02:00  INFO 4364 --- [ERP-System] [restartedMain] o.s.b.d.a.OptionalLiveReloadServer       : LiveReload server is running on port 35729
2025-05-29T11:07:34.388+02:00  INFO 4364 --- [ERP-System] [restartedMain] o.s.b.w.embedded.tomcat.TomcatWebServer  : Tomcat started on port 8080 (http) with context path '/'
2025-05-29T11:07:34.395+02:00  INFO 4364 --- [ERP-System] [restartedMain] com.backup.BackupApplication             : Started BackupApplication in 4.032 seconds (process running for 4.645)
2025-05-29T11:07:34.397+02:00  INFO 4364 --- [ERP-System] [restartedMain] com.backup.config.SwaggerUrlLogger       : 
----------------------------------------------------------
	Swagger UI is available at: 
	Local: 		http://localhost:8080/swagger-ui.html
	External: 	http://192.168.1.101:8080/swagger-ui.html
----------------------------------------------------------
2025-05-29T11:08:40.433+02:00  INFO 4364 --- [ERP-System] [http-nio-8080-exec-2] o.a.c.c.C.[Tomcat].[localhost].[/]       : Initializing Spring DispatcherServlet 'dispatcherServlet'
2025-05-29T11:08:40.434+02:00  INFO 4364 --- [ERP-System] [http-nio-8080-exec-2] o.s.web.servlet.DispatcherServlet        : Initializing Servlet 'dispatcherServlet'
2025-05-29T11:08:40.436+02:00  INFO 4364 --- [ERP-System] [http-nio-8080-exec-2] o.s.web.servlet.DispatcherServlet        : Completed initialization in 2 ms
2025-05-29T11:08:43.250+02:00  INFO 4364 --- [ERP-System] [http-nio-8080-exec-3] o.springdoc.api.AbstractOpenApiResource  : Init duration for springdoc-openapi is: 1003 ms
2025-05-29T11:08:43.642+02:00  INFO 4364 --- [ERP-System] [http-nio-8080-exec-5] o.springdoc.api.AbstractOpenApiResource  : Init duration for springdoc-openapi is: 375 ms
2025-05-29T11:10:46.217+02:00  WARN 4364 --- [ERP-System] [http-nio-8080-exec-8] .w.s.m.s.DefaultHandlerExceptionResolver : Resolved [org.springframework.web.bind.MethodArgumentNotValidException: Validation failed for argument [0] in public org.springframework.http.ResponseEntity<java.util.Map<java.lang.String, java.lang.String>> com.backup.controller.AuthController.register(com.backup.dto.EmployeeDTO): [Field error in object 'employeeDTO' on field 'email': rejected value [string]; codes [Email.employeeDTO.email,Email.email,Email.java.lang.String,Email]; arguments [org.springframework.context.support.DefaultMessageSourceResolvable: codes [employeeDTO.email,email]; arguments []; default message [email],[Ljakarta.validation.constraints.Pattern$Flag;@5925f218,.*]; default message [Email should be valid]] ]
2025-05-29T11:12:38.076+02:00  INFO 4364 --- [ERP-System] [http-nio-8080-exec-3] com.backup.controller.AuthController     : Login request received for email: irerabrigitte@gmail.com
2025-05-29T11:13:16.679+02:00  WARN 4364 --- [ERP-System] [http-nio-8080-exec-5] .w.s.m.s.DefaultHandlerExceptionResolver : Resolved [org.springframework.web.bind.MethodArgumentNotValidException: Validation failed for argument [0] in public org.springframework.http.ResponseEntity<java.util.Map<java.lang.String, java.lang.String>> com.backup.controller.AuthController.register(com.backup.dto.EmployeeDTO): [Field error in object 'employeeDTO' on field 'email': rejected value [string]; codes [Email.employeeDTO.email,Email.email,Email.java.lang.String,Email]; arguments [org.springframework.context.support.DefaultMessageSourceResolvable: codes [employeeDTO.email,email]; arguments []; default message [email],[Ljakarta.validation.constraints.Pattern$Flag;@5925f218,.*]; default message [Email should be valid]] ]
2025-05-29T11:14:53.129+02:00  INFO 4364 --- [ERP-System] [File Watcher] rtingClassPathChangeChangedEventListener : Restarting due to 1 class path change (0 additions, 1 deletion, 0 modifications)
2025-05-29T11:14:53.131+02:00  INFO 4364 --- [ERP-System] [Thread-5] o.s.b.w.e.tomcat.GracefulShutdown        : Commencing graceful shutdown. Waiting for active requests to complete
2025-05-29T11:14:53.143+02:00  INFO 4364 --- [ERP-System] [tomcat-shutdown] o.s.b.w.e.tomcat.GracefulShutdown        : Graceful shutdown complete
2025-05-29T11:14:53.148+02:00  INFO 4364 --- [ERP-System] [Thread-5] j.LocalContainerEntityManagerFactoryBean : Closing JPA EntityManagerFactory for persistence unit 'default'
2025-05-29T11:14:53.150+02:00  INFO 4364 --- [ERP-System] [Thread-5] com.zaxxer.hikari.HikariDataSource       : HikariPool-1 - Shutdown initiated...
2025-05-29T11:14:53.153+02:00  INFO 4364 --- [ERP-System] [Thread-5] com.zaxxer.hikari.HikariDataSource       : HikariPool-1 - Shutdown completed.
2025-05-29T11:14:53.280+02:00  INFO 4364 --- [ERP-System] [restartedMain] com.backup.BackupApplication             : Starting BackupApplication using Java 21 with PID 4364 (C:\Users\admin\Desktop\Java\Backup\target\classes started by admin in C:\Users\admin\Desktop\Java\Backup)
2025-05-29T11:14:53.280+02:00  INFO 4364 --- [ERP-System] [restartedMain] com.backup.BackupApplication             : No active profile set, falling back to 1 default profile: "default"
2025-05-29T11:14:53.584+02:00  INFO 4364 --- [ERP-System] [restartedMain] .s.d.r.c.RepositoryConfigurationDelegate : Bootstrapping Spring Data JPA repositories in DEFAULT mode.
2025-05-29T11:14:53.610+02:00  INFO 4364 --- [ERP-System] [restartedMain] .s.d.r.c.RepositoryConfigurationDelegate : Finished Spring Data repository scanning in 24 ms. Found 5 JPA repository interfaces.
2025-05-29T11:14:53.715+02:00  INFO 4364 --- [ERP-System] [restartedMain] o.s.b.w.embedded.tomcat.TomcatWebServer  : Tomcat initialized with port 8080 (http)
2025-05-29T11:14:53.716+02:00  INFO 4364 --- [ERP-System] [restartedMain] o.apache.catalina.core.StandardService   : Starting service [Tomcat]
2025-05-29T11:14:53.716+02:00  INFO 4364 --- [ERP-System] [restartedMain] o.apache.catalina.core.StandardEngine    : Starting Servlet engine: [Apache Tomcat/10.1.41]
2025-05-29T11:14:53.728+02:00  INFO 4364 --- [ERP-System] [restartedMain] o.a.c.c.C.[Tomcat].[localhost].[/]       : Initializing Spring embedded WebApplicationContext
2025-05-29T11:14:53.728+02:00  INFO 4364 --- [ERP-System] [restartedMain] w.s.c.ServletWebServerApplicationContext : Root WebApplicationContext: initialization completed in 446 ms
2025-05-29T11:14:53.772+02:00  INFO 4364 --- [ERP-System] [restartedMain] o.hibernate.jpa.internal.util.LogHelper  : HHH000204: Processing PersistenceUnitInfo [name: default]
2025-05-29T11:14:53.775+02:00  INFO 4364 --- [ERP-System] [restartedMain] o.h.c.internal.RegionFactoryInitiator    : HHH000026: Second-level cache disabled
2025-05-29T11:14:53.785+02:00  INFO 4364 --- [ERP-System] [restartedMain] o.s.o.j.p.SpringPersistenceUnitInfo      : No LoadTimeWeaver setup: ignoring JPA class transformer
2025-05-29T11:14:53.787+02:00  INFO 4364 --- [ERP-System] [restartedMain] com.zaxxer.hikari.HikariDataSource       : HikariPool-2 - Starting...
2025-05-29T11:14:53.938+02:00  INFO 4364 --- [ERP-System] [restartedMain] com.zaxxer.hikari.pool.HikariPool        : HikariPool-2 - Added connection org.postgresql.jdbc.PgConnection@167f65dc
2025-05-29T11:14:53.938+02:00  INFO 4364 --- [ERP-System] [restartedMain] com.zaxxer.hikari.HikariDataSource       : HikariPool-2 - Start completed.
2025-05-29T11:14:53.945+02:00  WARN 4364 --- [ERP-System] [restartedMain] org.hibernate.orm.deprecation            : HHH90000025: PostgreSQLDialect does not need to be specified explicitly using 'hibernate.dialect' (remove the property setting and it will be selected by default)
2025-05-29T11:14:53.947+02:00  INFO 4364 --- [ERP-System] [restartedMain] org.hibernate.orm.connections.pooling    : HHH10001005: Database info:
	Database JDBC URL [Connecting through datasource 'HikariDataSource (HikariPool-2)']
	Database driver: undefined/unknown
	Database version: 16.4
	Autocommit mode: undefined/unknown
	Isolation level: undefined/unknown
	Minimum pool size: undefined/unknown
	Maximum pool size: undefined/unknown
2025-05-29T11:14:54.078+02:00  INFO 4364 --- [ERP-System] [restartedMain] o.h.e.t.j.p.i.JtaPlatformInitiator       : HHH000489: No JTA platform available (set 'hibernate.transaction.jta.platform' to enable JTA platform integration)
2025-05-29T11:14:54.341+02:00  INFO 4364 --- [ERP-System] [restartedMain] j.LocalContainerEntityManagerFactoryBean : Initialized JPA EntityManagerFactory for persistence unit 'default'
2025-05-29T11:14:54.438+02:00  INFO 4364 --- [ERP-System] [restartedMain] eAuthenticationProviderManagerConfigurer : Global AuthenticationManager configured with AuthenticationProvider bean with name authenticationProvider
2025-05-29T11:14:54.438+02:00  WARN 4364 --- [ERP-System] [restartedMain] r$InitializeUserDetailsManagerConfigurer : Global AuthenticationManager configured with an AuthenticationProvider bean. UserDetailsService beans will not be used by Spring Security for automatically configuring username/password login. Consider removing the AuthenticationProvider bean. Alternatively, consider using the UserDetailsService in a manually instantiated DaoAuthenticationProvider. If the current configuration is intentional, to turn off this warning, increase the logging level of 'org.springframework.security.config.annotation.authentication.configuration.InitializeUserDetailsBeanManagerConfigurer' to ERROR
2025-05-29T11:14:54.789+02:00  INFO 4364 --- [ERP-System] [restartedMain] o.s.b.d.a.OptionalLiveReloadServer       : LiveReload server is running on port 35729
2025-05-29T11:14:54.798+02:00  INFO 4364 --- [ERP-System] [restartedMain] o.s.b.w.embedded.tomcat.TomcatWebServer  : Tomcat started on port 8080 (http) with context path '/'
2025-05-29T11:14:54.801+02:00  INFO 4364 --- [ERP-System] [restartedMain] com.backup.BackupApplication             : Started BackupApplication in 1.564 seconds (process running for 445.051)
2025-05-29T11:14:54.802+02:00  INFO 4364 --- [ERP-System] [restartedMain] com.backup.config.SwaggerUrlLogger       : 
----------------------------------------------------------
	Swagger UI is available at: 
	Local: 		http://localhost:8080/swagger-ui.html
	External: 	http://192.168.1.101:8080/swagger-ui.html
----------------------------------------------------------
2025-05-29T11:14:54.825+02:00  INFO 4364 --- [ERP-System] [restartedMain] .ConditionEvaluationDeltaLoggingListener : Condition evaluation unchanged
2025-05-29T11:14:56.211+02:00  INFO 4364 --- [ERP-System] [File Watcher] rtingClassPathChangeChangedEventListener : Restarting due to 1 class path change (1 addition, 0 deletions, 0 modifications)
2025-05-29T11:14:56.212+02:00  INFO 4364 --- [ERP-System] [Thread-7] o.s.b.w.e.tomcat.GracefulShutdown        : Commencing graceful shutdown. Waiting for active requests to complete
2025-05-29T11:14:56.224+02:00  INFO 4364 --- [ERP-System] [tomcat-shutdown] o.s.b.w.e.tomcat.GracefulShutdown        : Graceful shutdown complete
2025-05-29T11:14:56.227+02:00  INFO 4364 --- [ERP-System] [Thread-7] j.LocalContainerEntityManagerFactoryBean : Closing JPA EntityManagerFactory for persistence unit 'default'
2025-05-29T11:14:56.227+02:00  INFO 4364 --- [ERP-System] [Thread-7] com.zaxxer.hikari.HikariDataSource       : HikariPool-2 - Shutdown initiated...
2025-05-29T11:14:56.227+02:00  INFO 4364 --- [ERP-System] [Thread-7] com.zaxxer.hikari.HikariDataSource       : HikariPool-2 - Shutdown completed.
2025-05-29T11:14:56.368+02:00  INFO 4364 --- [ERP-System] [restartedMain] com.backup.BackupApplication             : Starting BackupApplication using Java 21 with PID 4364 (C:\Users\admin\Desktop\Java\Backup\target\classes started by admin in C:\Users\admin\Desktop\Java\Backup)
2025-05-29T11:14:56.368+02:00  INFO 4364 --- [ERP-System] [restartedMain] com.backup.BackupApplication             : No active profile set, falling back to 1 default profile: "default"
2025-05-29T11:14:56.649+02:00  INFO 4364 --- [ERP-System] [restartedMain] .s.d.r.c.RepositoryConfigurationDelegate : Bootstrapping Spring Data JPA repositories in DEFAULT mode.
2025-05-29T11:14:56.665+02:00  INFO 4364 --- [ERP-System] [restartedMain] .s.d.r.c.RepositoryConfigurationDelegate : Finished Spring Data repository scanning in 22 ms. Found 5 JPA repository interfaces.
2025-05-29T11:14:56.790+02:00  INFO 4364 --- [ERP-System] [restartedMain] o.s.b.w.embedded.tomcat.TomcatWebServer  : Tomcat initialized with port 8080 (http)
2025-05-29T11:14:56.790+02:00  INFO 4364 --- [ERP-System] [restartedMain] o.apache.catalina.core.StandardService   : Starting service [Tomcat]
2025-05-29T11:14:56.790+02:00  INFO 4364 --- [ERP-System] [restartedMain] o.apache.catalina.core.StandardEngine    : Starting Servlet engine: [Apache Tomcat/10.1.41]
2025-05-29T11:14:56.862+02:00  INFO 4364 --- [ERP-System] [restartedMain] o.a.c.c.C.[Tomcat].[localhost].[/]       : Initializing Spring embedded WebApplicationContext
2025-05-29T11:14:56.863+02:00  INFO 4364 --- [ERP-System] [restartedMain] w.s.c.ServletWebServerApplicationContext : Root WebApplicationContext: initialization completed in 495 ms
2025-05-29T11:14:56.908+02:00  INFO 4364 --- [ERP-System] [restartedMain] o.hibernate.jpa.internal.util.LogHelper  : HHH000204: Processing PersistenceUnitInfo [name: default]
2025-05-29T11:14:56.912+02:00  INFO 4364 --- [ERP-System] [restartedMain] o.h.c.internal.RegionFactoryInitiator    : HHH000026: Second-level cache disabled
2025-05-29T11:14:56.920+02:00  INFO 4364 --- [ERP-System] [restartedMain] o.s.o.j.p.SpringPersistenceUnitInfo      : No LoadTimeWeaver setup: ignoring JPA class transformer
2025-05-29T11:14:56.921+02:00  INFO 4364 --- [ERP-System] [restartedMain] com.zaxxer.hikari.HikariDataSource       : HikariPool-3 - Starting...
2025-05-29T11:14:56.952+02:00  INFO 4364 --- [ERP-System] [restartedMain] com.zaxxer.hikari.pool.HikariPool        : HikariPool-3 - Added connection org.postgresql.jdbc.PgConnection@7c2b7804
2025-05-29T11:14:56.953+02:00  INFO 4364 --- [ERP-System] [restartedMain] com.zaxxer.hikari.HikariDataSource       : HikariPool-3 - Start completed.
2025-05-29T11:14:56.958+02:00  WARN 4364 --- [ERP-System] [restartedMain] org.hibernate.orm.deprecation            : HHH90000025: PostgreSQLDialect does not need to be specified explicitly using 'hibernate.dialect' (remove the property setting and it will be selected by default)
2025-05-29T11:14:56.958+02:00  INFO 4364 --- [ERP-System] [restartedMain] org.hibernate.orm.connections.pooling    : HHH10001005: Database info:
	Database JDBC URL [Connecting through datasource 'HikariDataSource (HikariPool-3)']
	Database driver: undefined/unknown
	Database version: 16.4
	Autocommit mode: undefined/unknown
	Isolation level: undefined/unknown
	Minimum pool size: undefined/unknown
	Maximum pool size: undefined/unknown
2025-05-29T11:14:57.111+02:00  INFO 4364 --- [ERP-System] [restartedMain] o.h.e.t.j.p.i.JtaPlatformInitiator       : HHH000489: No JTA platform available (set 'hibernate.transaction.jta.platform' to enable JTA platform integration)
2025-05-29T11:14:57.299+02:00  INFO 4364 --- [ERP-System] [restartedMain] j.LocalContainerEntityManagerFactoryBean : Initialized JPA EntityManagerFactory for persistence unit 'default'
2025-05-29T11:14:57.420+02:00  INFO 4364 --- [ERP-System] [restartedMain] eAuthenticationProviderManagerConfigurer : Global AuthenticationManager configured with AuthenticationProvider bean with name authenticationProvider
2025-05-29T11:14:57.420+02:00  WARN 4364 --- [ERP-System] [restartedMain] r$InitializeUserDetailsManagerConfigurer : Global AuthenticationManager configured with an AuthenticationProvider bean. UserDetailsService beans will not be used by Spring Security for automatically configuring username/password login. Consider removing the AuthenticationProvider bean. Alternatively, consider using the UserDetailsService in a manually instantiated DaoAuthenticationProvider. If the current configuration is intentional, to turn off this warning, increase the logging level of 'org.springframework.security.config.annotation.authentication.configuration.InitializeUserDetailsBeanManagerConfigurer' to ERROR
2025-05-29T11:14:57.950+02:00  INFO 4364 --- [ERP-System] [restartedMain] o.s.b.d.a.OptionalLiveReloadServer       : LiveReload server is running on port 35729
2025-05-29T11:14:57.967+02:00  INFO 4364 --- [ERP-System] [restartedMain] o.s.b.w.embedded.tomcat.TomcatWebServer  : Tomcat started on port 8080 (http) with context path '/'
2025-05-29T11:14:57.971+02:00  INFO 4364 --- [ERP-System] [restartedMain] com.backup.BackupApplication             : Started BackupApplication in 1.635 seconds (process running for 448.221)
2025-05-29T11:14:57.972+02:00  INFO 4364 --- [ERP-System] [restartedMain] com.backup.config.SwaggerUrlLogger       : 
----------------------------------------------------------
	Swagger UI is available at: 
	Local: 		http://localhost:8080/swagger-ui.html
	External: 	http://192.168.1.101:8080/swagger-ui.html
----------------------------------------------------------
2025-05-29T11:14:58.004+02:00  INFO 4364 --- [ERP-System] [restartedMain] .ConditionEvaluationDeltaLoggingListener : Condition evaluation unchanged
2025-05-29T11:15:20.377+02:00  INFO 4364 --- [ERP-System] [http-nio-8080-exec-1] o.a.c.c.C.[Tomcat].[localhost].[/]       : Initializing Spring DispatcherServlet 'dispatcherServlet'
2025-05-29T11:15:20.377+02:00  INFO 4364 --- [ERP-System] [http-nio-8080-exec-1] o.s.web.servlet.DispatcherServlet        : Initializing Servlet 'dispatcherServlet'
2025-05-29T11:15:20.378+02:00  INFO 4364 --- [ERP-System] [http-nio-8080-exec-1] o.s.web.servlet.DispatcherServlet        : Completed initialization in 0 ms
2025-05-29T11:15:20.397+02:00  INFO 4364 --- [ERP-System] [http-nio-8080-exec-1] c.backup.controller.DeductionController  : Request to get all deductions
